-- phpMyAdmin SQL Dump
-- version 4.7.0
-- https://www.phpmyadmin.net/
--
-- Host: 127.0.0.1
-- Generation Time: Jan 29, 2018 at 10:04 AM
-- Server version: 10.1.25-MariaDB
-- PHP Version: 5.6.31

SET SQL_MODE = "NO_AUTO_VALUE_ON_ZERO";
SET AUTOCOMMIT = 0;
START TRANSACTION;
SET time_zone = "+00:00";


/*!40101 SET @OLD_CHARACTER_SET_CLIENT=@@CHARACTER_SET_CLIENT */;
/*!40101 SET @OLD_CHARACTER_SET_RESULTS=@@CHARACTER_SET_RESULTS */;
/*!40101 SET @OLD_COLLATION_CONNECTION=@@COLLATION_CONNECTION */;
/*!40101 SET NAMES utf8mb4 */;

--
-- Database: `anketfinal`
--

-- --------------------------------------------------------

--
-- Table structure for table `brands`
--

CREATE TABLE `brands` (
  `brand_id` int(11) NOT NULL,
  `brand_name` varchar(255) NOT NULL,
  `brand_active` int(11) NOT NULL DEFAULT '0',
  `brand_status` int(11) NOT NULL DEFAULT '0'
) ENGINE=InnoDB DEFAULT CHARSET=latin1;

--
-- Dumping data for table `brands`
--

INSERT INTO `brands` (`brand_id`, `brand_name`, `brand_active`, `brand_status`) VALUES
(1, 'Gap', 1, 2),
(2, 'Forever 21', 1, 2),
(3, 'Gap', 1, 2),
(4, 'Forever 21', 1, 2),
(5, 'Adidas', 1, 2),
(6, 'Gap', 1, 2),
(7, 'Forever 21', 1, 2),
(8, 'Adidas', 1, 2),
(9, 'Gap', 1, 2),
(10, 'Forever 21', 1, 2),
(11, 'Adidas', 1, 1),
(12, 'Gap', 1, 1),
(13, 'Forever 21', 1, 1),
(14, 'cctv', 1, 1),
(15, 'biometric ', 1, 1),
(16, 'fire extinguisher', 1, 1);

-- --------------------------------------------------------

--
-- Table structure for table `categories`
--

CREATE TABLE `categories` (
  `categories_id` int(11) NOT NULL,
  `categories_name` varchar(255) NOT NULL,
  `categories_active` int(11) NOT NULL DEFAULT '0',
  `categories_status` int(11) NOT NULL DEFAULT '0'
) ENGINE=InnoDB DEFAULT CHARSET=latin1;

--
-- Dumping data for table `categories`
--

INSERT INTO `categories` (`categories_id`, `categories_name`, `categories_active`, `categories_status`) VALUES
(1, 'Sports ', 1, 2),
(2, 'Casual', 1, 2),
(3, 'Casual', 1, 2),
(4, 'Sport', 1, 2),
(5, 'Casual', 1, 2),
(6, 'Sport wear', 1, 2),
(7, 'Casual wear', 1, 1),
(8, 'Sports ', 1, 1),
(9, 'dome', 1, 1),
(10, 'bullet', 1, 1);

-- --------------------------------------------------------

--
-- Table structure for table `collection`
--

CREATE TABLE `collection` (
  `transaction_id` int(11) NOT NULL,
  `date` varchar(100) NOT NULL,
  `name` varchar(100) NOT NULL,
  `invoice` varchar(100) NOT NULL,
  `amount` varchar(100) NOT NULL,
  `remarks` varchar(100) NOT NULL,
  `balance` int(11) NOT NULL
) ENGINE=InnoDB DEFAULT CHARSET=latin1;

-- --------------------------------------------------------

--
-- Table structure for table `company`
--

CREATE TABLE `company` (
  `company` varchar(255) NOT NULL,
  `address` varchar(255) NOT NULL,
  `phoneno` varchar(255) NOT NULL
) ENGINE=InnoDB DEFAULT CHARSET=latin1;

--
-- Dumping data for table `company`
--

INSERT INTO `company` (`company`, `address`, `phoneno`) VALUES
(' anket systems tirunelveli', 'perumalpuram', '645346542'),
(' anket systems tirunelveli', 'perumalpuram', '645346542'),
(' anket systems tirunelveli', 'perumalpuram', '645346542'),
(' anket systems tirunelveli', 'perumalpuram', '645346542');

-- --------------------------------------------------------

--
-- Table structure for table `customer`
--

CREATE TABLE `customer` (
  `customer_id` int(11) NOT NULL,
  `customer_name` varchar(100) NOT NULL,
  `address` varchar(100) NOT NULL,
  `contact` varchar(100) NOT NULL,
  `membership_number` varchar(100) NOT NULL,
  `prod_name` varchar(550) NOT NULL,
  `expected_date` varchar(500) NOT NULL,
  `note` varchar(500) NOT NULL
) ENGINE=InnoDB DEFAULT CHARSET=latin1;

-- --------------------------------------------------------

--
-- Table structure for table `orders`
--

CREATE TABLE `orders` (
  `order_id` int(11) NOT NULL,
  `order_date` date NOT NULL,
  `client_name` varchar(255) NOT NULL,
  `client_contact` varchar(255) NOT NULL,
  `sub_total` varchar(255) NOT NULL,
  `tax` int(255) NOT NULL,
  `vat` varchar(255) NOT NULL,
  `total_amount` varchar(255) NOT NULL,
  `discount` varchar(255) NOT NULL,
  `grand_total` varchar(255) NOT NULL,
  `paid` varchar(255) NOT NULL,
  `due` varchar(255) NOT NULL,
  `payment_type` int(11) NOT NULL,
  `payment_status` int(11) NOT NULL,
  `order_status` int(11) NOT NULL DEFAULT '0'
) ENGINE=InnoDB DEFAULT CHARSET=latin1;

--
-- Dumping data for table `orders`
--

INSERT INTO `orders` (`order_id`, `order_date`, `client_name`, `client_contact`, `sub_total`, `tax`, `vat`, `total_amount`, `discount`, `grand_total`, `paid`, `due`, `payment_type`, `payment_status`, `order_status`) VALUES
(1, '2016-07-15', 'John Doe', '9807867564', '2700.00', 0, '351.00', '3051.00', '1000.00', '2051.00', '1000.00', '1051.00', 2, 2, 2),
(2, '2016-07-15', 'John Doe', '9808746573', '3400.00', 0, '442.00', '3842.00', '500.00', '3342.00', '3342', '0', 2, 1, 2),
(3, '2016-07-16', 'John Doe', '9809876758', '3600.00', 0, '468.00', '4068.00', '568.00', '3500.00', '3500', '0', 2, 1, 2),
(4, '2016-08-01', 'Indra', '19208130', '1200.00', 0, '156.00', '1356.00', '1000.00', '356.00', '356', '0.00', 2, 1, 2),
(5, '2016-07-16', 'John Doe', '9808767689', '11400.00', 0, '[object HTMLInputElement]', 'NaN', '500.00', 'NaN', '3568', 'NaN', 2, 1, 1),
(6, '2018-01-10', 'vijaydeepan', '9789103040', '3600.00', 0, '468.00', '4068.00', '32', '4036.00', '342', '3694.00', 2, 1, 1),
(7, '2018-01-10', 'etre', '43535', '3600.00', 0, '468.00', '4068.00', '345345', '-341277.00', '34534', '-375811.00', 2, 1, 1),
(8, '2018-01-10', 'qeqwe', '3424324', '3600.00', 0, '468.00', '4068.00', '32434', '-28366.00', '3432', '-31798.00', 1, 1, 1),
(9, '2018-01-10', 'deepan', '12312', '3600.00', 0, '468.00', '4068.00', '324', '3744.00', '432', '3312.00', 1, 2, 1),
(10, '2018-01-11', 'sdfsdf', 'e424', '3600.00', 0, '', '3600.00', '324', '3276.00', '23443', '-20167.00', 1, 1, 1),
(11, '2018-01-12', 'ads', '1233', '3600.00', 0, '', '3600.00', '2', '3598.00', '2312', '1286.00', 1, 1, 1),
(12, '2018-01-11', 'dsad', '324143', '3600.00', 0, '', '3600.00', '21', '3579.00', '23423', '-19844.00', 1, 1, 1),
(13, '2018-01-11', 'asd', '312', '3600.00', 0, '', '3600.00', '21', '3579.00', '12312', '-8733.00', 2, 2, 1),
(14, '2018-01-18', 'dfs', '312', '3600.00', 0, '', '3600.00', '21', '3579.00', '213', '3366.00', 1, 2, 1),
(15, '2018-01-11', '24234', '3242', '3600.00', 0, '', '3600.00', '234', '3366.00', '134', '3232.00', 1, 2, 1),
(16, '2018-01-11', 'dasdf', '12312', '3600.00', 0, '648.00', '3600.00', '23', '3577.00', '3234', '343.00', 2, 1, 1),
(17, '2018-01-11', 'saran', '4244525', '3600.00', 0, '432.00', '3600.00', '3', '3597.00', '2342', '1255.00', 2, 1, 1),
(18, '2018-01-11', 'sdas', '12312', '3600.00', 0, '7668.00', '3600.00', '21', '3579.00', '21', '3558.00', 1, 1, 1),
(19, '2018-01-11', 'sdas', '12312', '3600.00', 0, '7668.00', '3600.00', '21', '3579.00', '21', '3558.00', 1, 1, 1),
(20, '2018-01-11', 'sdas', '12312', '3600.00', 0, '7668.00', '3600.00', '21', '3579.00', '21', '3558.00', 1, 1, 1),
(21, '2018-01-11', 'sdas', '12312', '3600.00', 0, '7668.00', '3600.00', '21', '3579.00', '21', '3558.00', 1, 1, 1),
(22, '2018-01-11', 'sdf', '2323', '3600.00', 0, '432.00', '3600.00', '32', '3568.00', '2323', '1245.00', 1, 1, 1),
(23, '2018-01-11', 'sdf', '2323', '3600.00', 0, '432.00', '3600.00', '32', '3568.00', '2323', '1245.00', 1, 1, 1),
(24, '2018-01-11', 'sdf', '2323', '3600.00', 0, '432.00', '3600.00', '32', '3568.00', '2323', '1245.00', 1, 1, 1),
(25, '2018-01-11', 'sdf', '2323', '3600.00', 0, '432.00', '3600.00', '32', '3568.00', '2323', '1245.00', 1, 1, 1),
(26, '2018-01-11', 'dcx', '4234', '3600.00', 0, '828.00', '3600.00', '32', '3568.00', '4234', '-666.00', 2, 1, 1),
(27, '2018-01-11', 'dcx', '4234', '3600.00', 0, '828.00', '3600.00', '32', '3568.00', '4234', '-666.00', 2, 1, 1),
(28, '2018-01-11', 'fdg', '3423', '3600.00', 0, '432.00', '3600.00', '23', '3577.00', '3213', '364.00', 2, 1, 1),
(29, '2018-01-11', 'fdg', '3423', '3600.00', 0, '432.00', '3600.00', '23', '3577.00', '3213', '364.00', 2, 1, 1),
(30, '2018-01-11', 'fdg', '3423', '3600.00', 0, '432.00', '3600.00', '23', '3577.00', '3213', '364.00', 2, 1, 1),
(31, '2018-01-11', '423', '423', '3600.00', 0, '432.00', '3600.00', '23', '3577.00', '334', '3243.00', 2, 1, 1),
(32, '2018-01-11', '423', '423', '3600.00', 0, '432.00', '3600.00', '23', '3577.00', '334', '3243.00', 2, 1, 1),
(33, '2018-01-11', '423', '423', '3600.00', 0, '432.00', '3600.00', '23', '3577.00', '334', '3243.00', 2, 1, 1),
(34, '2018-01-11', '420', '420', '3600.00', 0, '828.00', '3600.00', '23', '3577.00', '12', '3565.00', 2, 2, 1),
(35, '2018-01-11', '420', '420', '3600.00', 0, '828.00', '3600.00', '23', '3577.00', '12', '3565.00', 2, 2, 1),
(36, '2018-01-12', 'df', '32', '3600.00', 0, '432.00', '3600.00', '23', '3577.00', '34', '3543.00', 2, 1, 1),
(37, '2018-01-11', '423', '3423', '3600.00', 0, '1548.00', '3600.00', '232', '3368.00', '34', '3334.00', 2, 1, 1),
(38, '2018-01-04', '322', '3443', '3600.00', 0, '1116.00', '3600.00', '332', '3268.00', '32', '3236.00', 2, 2, 1),
(39, '2018-01-11', 'ds2', '31', '3600.00', 0, '432.00', '3600.00', '2', '3598.00', '2223', '1375.00', 2, 1, 1),
(40, '2018-01-11', 'dsf3', '3434', '3600.00', 0, '', '3600.00', '32', '3568.00', '32', '3536.00', 2, 1, 1),
(41, '2018-01-11', 'ffff', '3442', '3600.00', 0, '432.00', '3600.00', '223', '3377.00', '233', '3144.00', 2, 1, 1),
(42, '2018-01-11', 'vijay', '323242', '3600.00', 0, '432.00', '3600.00', '12', '3588.00', '1213', '2375.00', 2, 1, 1),
(43, '2018-01-11', '332', '324', '3600.00', 0, '432.00', '3600.00', '12', '3588.00', '233', '3355.00', 2, 1, 1),
(44, '2018-01-11', 'rewrew', '43432', '3600.00', 0, '', '3600.00', '12', '3588.00', '21', '3567.00', 2, 1, 1),
(45, '2018-01-11', 'dfsd', '2321', '3600.00', 0, '468.00', '4068.00', '1', '4067.00', '112', '3955.00', 2, 2, 1),
(46, '2018-01-11', 'deee', '23321', '3600.00', 0, '540.00', '3636.00', '23', '3961.00', '3961', '0.00', 2, 1, 1),
(47, '2018-01-11', '312', '2313', '3600.00', 0, '576.00', '4176.00', '0', '4176.00', '4176', '0.00', 2, 1, 1),
(48, '2018-01-11', 'aaaa', '34534543', '3600.00', 0, '648.00', '4248.00', '0.00', '4248.00', '4248', '0.00', 2, 1, 1),
(49, '2018-01-11', '231', '2313', '3600.00', 0, '432.00', '4032.00', '12', '4020.00', '2231', '1789.00', 2, 1, 1),
(50, '2018-01-11', '12312', '21313', '3600.00', 0, '828.00', '4428.00', '12', '4416.00', '213', '4203.00', 2, 1, 1),
(51, '2018-01-11', '3324', '3243', '3600.00', 0, '432.00', '4032.00', '12', '4020.00', '1221', '2799.00', 2, 1, 1),
(52, '2018-01-11', '132', '324', '3600.00', 0, '432.00', '4032.00', '122', '3910.00', '231', '3679.00', 2, 1, 1),
(53, '0000-00-00', '', '', '', 0, '', '', '', '', '', '', 0, 0, 0),
(54, '0000-00-00', '', '', '', 123, '', '', '', '', '', '', 0, 0, 0),
(55, '0000-00-00', '', '', '', 12, '', '', '', '', '', '', 0, 0, 0),
(56, '2018-01-11', '313', '21123', '3600.00', 12, '432.00', '4032.00', '11', '4021.00', '11', '4010.00', 2, 1, 1),
(57, '2018-01-11', 'fire', '32132', '3600.00', 12, '432.00', '4032.00', '0', '4032.00', '4032', '0.00', 2, 1, 1);

-- --------------------------------------------------------

--
-- Table structure for table `order_item`
--

CREATE TABLE `order_item` (
  `order_item_id` int(11) NOT NULL,
  `order_id` int(11) NOT NULL DEFAULT '0',
  `product_id` int(11) NOT NULL DEFAULT '0',
  `quantity` varchar(255) NOT NULL,
  `rate` varchar(255) NOT NULL,
  `total` varchar(255) NOT NULL,
  `order_item_status` int(11) NOT NULL DEFAULT '0'
) ENGINE=InnoDB DEFAULT CHARSET=latin1;

--
-- Dumping data for table `order_item`
--

INSERT INTO `order_item` (`order_item_id`, `order_id`, `product_id`, `quantity`, `rate`, `total`, `order_item_status`) VALUES
(1, 1, 1, '1', '1500', '1500.00', 2),
(2, 1, 2, '1', '1200', '1200.00', 2),
(3, 2, 3, '2', '1200', '2400.00', 2),
(4, 2, 4, '1', '1000', '1000.00', 2),
(5, 3, 5, '2', '1200', '2400.00', 2),
(6, 3, 6, '1', '1200', '1200.00', 2),
(7, 4, 5, '1', '1200', '1200.00', 2),
(10, 6, 7, '1', '1200', '1200.00', 1),
(11, 6, 7, '1', '1200', '1200.00', 1),
(12, 6, 7, '1', '1200', '1200.00', 1),
(13, 7, 7, '1', '1200', '1200.00', 1),
(14, 7, 8, '1', '1200', '1200.00', 1),
(15, 7, 7, '1', '1200', '1200.00', 1),
(16, 8, 7, '1', '1200', '1200.00', 1),
(17, 8, 7, '1', '1200', '1200.00', 1),
(18, 8, 7, '1', '1200', '1200.00', 1),
(19, 9, 7, '1', '1200', '1200.00', 1),
(20, 9, 7, '1', '1200', '1200.00', 1),
(21, 9, 7, '1', '1200', '1200.00', 1),
(22, 10, 7, '1', '1200', '1200.00', 1),
(23, 10, 8, '1', '1200', '1200.00', 1),
(24, 10, 7, '1', '1200', '1200.00', 1),
(25, 11, 7, '1', '1200', '1200.00', 1),
(26, 11, 7, '1', '1200', '1200.00', 1),
(27, 11, 8, '1', '1200', '1200.00', 1),
(28, 12, 8, '1', '1200', '1200.00', 1),
(29, 12, 8, '1', '1200', '1200.00', 1),
(30, 12, 7, '1', '1200', '1200.00', 1),
(31, 13, 7, '1', '1200', '1200.00', 1),
(32, 13, 8, '1', '1200', '1200.00', 1),
(33, 13, 8, '1', '1200', '1200.00', 1),
(34, 14, 7, '1', '1200', '1200.00', 1),
(35, 14, 7, '1', '1200', '1200.00', 1),
(36, 14, 8, '1', '1200', '1200.00', 1),
(37, 15, 7, '1', '1200', '1200.00', 1),
(38, 15, 7, '1', '1200', '1200.00', 1),
(39, 15, 7, '1', '1200', '1200.00', 1),
(40, 16, 7, '1', '1200', '1200.00', 1),
(41, 16, 7, '1', '1200', '1200.00', 1),
(42, 16, 7, '1', '1200', '1200.00', 1),
(43, 17, 7, '1', '1200', '1200.00', 1),
(44, 17, 8, '1', '1200', '1200.00', 1),
(45, 17, 7, '1', '1200', '1200.00', 1),
(46, 18, 7, '1', '1200', '1200.00', 1),
(47, 18, 7, '1', '1200', '1200.00', 1),
(48, 18, 7, '1', '1200', '1200.00', 1),
(49, 19, 7, '1', '1200', '1200.00', 1),
(50, 19, 7, '1', '1200', '1200.00', 1),
(51, 19, 7, '1', '1200', '1200.00', 1),
(52, 20, 7, '1', '1200', '1200.00', 1),
(53, 20, 7, '1', '1200', '1200.00', 1),
(54, 20, 7, '1', '1200', '1200.00', 1),
(55, 21, 7, '1', '1200', '1200.00', 1),
(56, 21, 7, '1', '1200', '1200.00', 1),
(57, 21, 7, '1', '1200', '1200.00', 1),
(58, 22, 7, '1', '1200', '1200.00', 1),
(59, 22, 7, '1', '1200', '1200.00', 1),
(60, 22, 7, '1', '1200', '1200.00', 1),
(61, 23, 7, '1', '1200', '1200.00', 1),
(62, 23, 7, '1', '1200', '1200.00', 1),
(63, 23, 7, '1', '1200', '1200.00', 1),
(64, 24, 7, '1', '1200', '1200.00', 1),
(65, 24, 7, '1', '1200', '1200.00', 1),
(66, 24, 7, '1', '1200', '1200.00', 1),
(67, 25, 7, '1', '1200', '1200.00', 1),
(68, 25, 7, '1', '1200', '1200.00', 1),
(69, 25, 7, '1', '1200', '1200.00', 1),
(70, 26, 7, '1', '1200', '1200.00', 1),
(71, 26, 7, '1', '1200', '1200.00', 1),
(72, 26, 7, '1', '1200', '1200.00', 1),
(73, 27, 7, '1', '1200', '1200.00', 1),
(74, 27, 7, '1', '1200', '1200.00', 1),
(75, 27, 7, '1', '1200', '1200.00', 1),
(76, 28, 7, '1', '1200', '1200.00', 1),
(77, 28, 7, '1', '1200', '1200.00', 1),
(78, 28, 7, '1', '1200', '1200.00', 1),
(79, 29, 7, '1', '1200', '1200.00', 1),
(80, 29, 7, '1', '1200', '1200.00', 1),
(81, 29, 7, '1', '1200', '1200.00', 1),
(82, 30, 7, '1', '1200', '1200.00', 1),
(83, 30, 7, '1', '1200', '1200.00', 1),
(84, 30, 7, '1', '1200', '1200.00', 1),
(85, 0, 7, '', '', '', 1),
(86, 0, 7, '', '', '', 1),
(87, 0, 7, '', '', '', 1),
(88, 31, 7, '1', '1200', '1200.00', 1),
(89, 31, 7, '1', '1200', '1200.00', 1),
(90, 31, 7, '1', '1200', '1200.00', 1),
(91, 32, 7, '1', '1200', '1200.00', 1),
(92, 32, 7, '1', '1200', '1200.00', 1),
(93, 32, 7, '1', '1200', '1200.00', 1),
(94, 33, 7, '1', '1200', '1200.00', 1),
(95, 33, 7, '1', '1200', '1200.00', 1),
(96, 33, 7, '1', '1200', '1200.00', 1),
(97, 34, 7, '1', '1200', '1200.00', 1),
(98, 34, 7, '1', '1200', '1200.00', 1),
(99, 34, 7, '1', '1200', '1200.00', 1),
(100, 35, 7, '1', '1200', '1200.00', 1),
(101, 35, 7, '1', '1200', '1200.00', 1),
(102, 35, 7, '1', '1200', '1200.00', 1),
(103, 36, 7, '1', '1200', '1200.00', 1),
(104, 36, 7, '1', '1200', '1200.00', 1),
(105, 36, 7, '1', '1200', '1200.00', 1),
(106, 37, 7, '1', '1200', '1200.00', 1),
(107, 37, 7, '1', '1200', '1200.00', 1),
(108, 37, 7, '1', '1200', '1200.00', 1),
(109, 38, 7, '1', '1200', '1200.00', 1),
(110, 38, 7, '1', '1200', '1200.00', 1),
(111, 38, 7, '1', '1200', '1200.00', 1),
(112, 39, 7, '1', '1200', '1200.00', 1),
(113, 39, 7, '1', '1200', '1200.00', 1),
(114, 39, 7, '1', '1200', '1200.00', 1),
(115, 40, 7, '1', '1200', '1200.00', 1),
(116, 40, 7, '1', '1200', '1200.00', 1),
(117, 40, 7, '1', '1200', '1200.00', 1),
(118, 41, 7, '1', '1200', '1200.00', 1),
(119, 41, 7, '1', '1200', '1200.00', 1),
(120, 41, 7, '1', '1200', '1200.00', 1),
(121, 42, 7, '1', '1200', '1200.00', 1),
(122, 42, 7, '1', '1200', '1200.00', 1),
(123, 42, 7, '1', '1200', '1200.00', 1),
(124, 43, 7, '1', '1200', '1200.00', 1),
(125, 43, 7, '1', '1200', '1200.00', 1),
(126, 43, 7, '1', '1200', '1200.00', 1),
(127, 44, 7, '1', '1200', '1200.00', 1),
(128, 44, 7, '1', '1200', '1200.00', 1),
(129, 44, 7, '1', '1200', '1200.00', 1),
(130, 45, 7, '1', '1200', '1200.00', 1),
(131, 45, 7, '1', '1200', '1200.00', 1),
(132, 45, 7, '1', '1200', '1200.00', 1),
(133, 46, 7, '1', '1200', '1200.00', 1),
(134, 46, 7, '1', '1200', '1200.00', 1),
(135, 46, 7, '1', '1200', '1200.00', 1),
(136, 47, 7, '1', '1200', '1200.00', 1),
(137, 47, 7, '1', '1200', '1200.00', 1),
(138, 47, 7, '1', '1200', '1200.00', 1),
(139, 48, 7, '1', '1200', '1200.00', 1),
(140, 48, 7, '1', '1200', '1200.00', 1),
(141, 48, 7, '1', '1200', '1200.00', 1),
(142, 49, 7, '1', '1200', '1200.00', 1),
(143, 49, 7, '1', '1200', '1200.00', 1),
(144, 49, 7, '1', '1200', '1200.00', 1),
(145, 50, 7, '1', '1200', '1200.00', 1),
(146, 50, 7, '1', '1200', '1200.00', 1),
(147, 50, 7, '1', '1200', '1200.00', 1),
(148, 51, 7, '1', '1200', '1200.00', 1),
(149, 51, 7, '1', '1200', '1200.00', 1),
(150, 51, 7, '1', '1200', '1200.00', 1),
(151, 52, 7, '1', '1200', '1200.00', 1),
(152, 52, 7, '1', '1200', '1200.00', 1),
(153, 52, 7, '1', '1200', '1200.00', 1),
(154, 0, 7, '', '', '', 1),
(155, 0, 7, '', '', '', 1),
(156, 0, 7, '', '', '', 1),
(157, 53, 7, '1', '1200', '1200.00', 1),
(158, 53, 7, '1', '1200', '1200.00', 1),
(159, 53, 7, '1', '1200', '1200.00', 1),
(160, 54, 7, '1', '1200', '1200.00', 1),
(161, 54, 7, '1', '1200', '1200.00', 1),
(162, 54, 7, '1', '1200', '1200.00', 1),
(163, 55, 7, '1', '1200', '1200.00', 1),
(164, 55, 7, '1', '1200', '1200.00', 1),
(165, 55, 7, '1', '1200', '1200.00', 1),
(166, 56, 7, '1', '1200', '1200.00', 1),
(167, 56, 7, '1', '1200', '1200.00', 1),
(168, 56, 7, '1', '1200', '1200.00', 1),
(169, 57, 7, '1', '1200', '1200.00', 1),
(170, 57, 7, '1', '1200', '1200.00', 1),
(171, 57, 7, '1', '1200', '1200.00', 1),
(172, 5, 7, '2', '1200', '2400.00', 1),
(173, 5, 9, '1', '9000', '9000.00', 1);

-- --------------------------------------------------------

--
-- Table structure for table `product`
--

CREATE TABLE `product` (
  `product_id` int(11) NOT NULL,
  `product_name` varchar(255) NOT NULL,
  `product_image` text NOT NULL,
  `brand_id` int(11) NOT NULL,
  `categories_id` int(11) NOT NULL,
  `quantity` varchar(255) NOT NULL,
  `rate` varchar(255) NOT NULL,
  `costprice` int(255) NOT NULL,
  `profit` int(255) NOT NULL,
  `cgst` int(255) NOT NULL,
  `cgsttotal` int(255) NOT NULL,
  `sgst` int(255) NOT NULL,
  `sgsttotal` int(255) NOT NULL,
  `tax` int(255) NOT NULL,
  `total` int(255) NOT NULL,
  `active` int(11) NOT NULL DEFAULT '0',
  `status` int(11) NOT NULL DEFAULT '0'
) ENGINE=InnoDB DEFAULT CHARSET=latin1;

--
-- Dumping data for table `product`
--

INSERT INTO `product` (`product_id`, `product_name`, `product_image`, `brand_id`, `categories_id`, `quantity`, `rate`, `costprice`, `profit`, `cgst`, `cgsttotal`, `sgst`, `sgsttotal`, `tax`, `total`, `active`, `status`) VALUES
(1, 'Half pant', '../assests/images/stock/2847957892502c7200.jpg', 1, 2, '15', '1500', 0, 0, 0, 0, 0, 0, 0, 0, 2, 2),
(2, 'T-Shirt', '../assests/images/stock/163965789252551575.jpg', 2, 2, '9', '1200', 0, 0, 0, 0, 0, 0, 0, 0, 2, 2),
(3, 'Half Pant', '../assests/images/stock/13274578927924974b.jpg', 5, 3, '14', '1200', 0, 0, 0, 0, 0, 0, 0, 0, 2, 2),
(4, 'T-Shirt', '../assests/images/stock/12299578927ace94c5.jpg', 6, 3, '29', '1000', 0, 0, 0, 0, 0, 0, 0, 0, 2, 2),
(5, 'Half Pant', '../assests/images/stock/24937578929c13532e.jpg', 8, 5, '13', '1200', 0, 0, 0, 0, 0, 0, 0, 0, 2, 2),
(6, 'Polo T-Shirt', '../assests/images/stock/10222578929f733dbf.jpg', 9, 5, '29', '1200', 0, 0, 0, 0, 0, 0, 0, 0, 2, 2),
(7, 'Half Pant', '../assests/images/stock/1770257893463579bf.jpg', 11, 7, '-123', '1200', 0, 0, 0, 0, 0, 0, 0, 0, 2, 2),
(8, 'Polo T-shirt', '../assests/images/stock/136715789347d1aea6.jpg', 12, 7, '0', '1200', 0, 0, 0, 0, 0, 0, 0, 0, 1, 1),
(9, 'Dome camera', '../assests/images/stock/240425a5737ccb3074.jpg', 14, 9, '11', '9000', 0, 0, 0, 0, 0, 0, 0, 0, 1, 1),
(10, 'dome1', '../assests/images/stock/190585a5739cbcb3b2.jpg', 14, 9, '10', '100', 0, 0, 0, 0, 0, 0, 0, 0, 1, 1),
(11, 'oppo', '../assests/images/stock/240185a67f2c7c93e5.jpg', 13, 7, '50', '300', 100, 0, 18, 0, 18, 0, 108, 408, 1, 1),
(12, 'redmi', '../assests/images/stock/145995a67f30fc54ba.jpg', 12, 7, '50', '2000', 1000, 1000, 18, 0, 18, 0, 720, 2720, 1, 1),
(13, 'redmi22', '../assests/images/stock/123815a67f3b2bcbc2.jpg', 12, 8, '23', '4000', 3000, 1000, 18, 0, 18, 0, 1440, 5440, 1, 1),
(14, 'hello', '../assests/images/stock/264935a6936b834d98.png', 11, 8, '-234', '3000', 2000, 1000, 18, 540, 18, 540, 1080, 4080, 1, 1),
(15, 'camera', '../assests/images/stock/45225a6ea134b1857.png', 12, 7, '50', '5000', 0, 0, 5, 0, 5, 0, 0, 0, 1, 1),
(16, 'dsas', '../assests/images/stock/56955a6ea25890188.png', 14, 7, '23', '2132', 0, 0, 3, 0, 3, 0, 0, 0, 1, 1),
(17, '42', '../assests/images/stock/157045a6ea2d4c70d6.jpg', 12, 7, '234', '32', 0, 0, 0, 0, 0, 0, 0, 0, 1, 1),
(18, '3242', '../assests/images/stock/159455a6ea2fcc68c6.jpg', 12, 7, '34', '3434', 0, 0, 0, 0, 0, 0, 0, 0, 1, 1),
(19, 'xxx', '../assests/images/stock/122405a6ea3b4c8d0a.jpg', 12, 8, '23', '232', 0, 0, 3, 0, 3, 0, 0, 0, 1, 1),
(20, 'yyy', '../assests/images/stock/85855a6ea4891de44.png', 12, 8, '45', '45', 0, 0, 4, 0, 5, 0, 0, 0, 1, 1),
(21, 'zzz', '../assests/images/stock/228685a6ea538f2d93.png', 14, 7, '23', '233', 0, 0, 3, 0, 3, 0, 0, 0, 1, 1),
(22, 'rrr', '../assests/images/stock/52305a6ea5971060f.png', 13, 9, '32', '2323', 0, 0, 3, 0, 3, 0, 0, 0, 1, 1),
(23, 'dsd', '../assests/images/stock/110735a6ea5b3664a6.png', 12, 9, '23', '323', 0, 0, 3, 0, 3, 0, 0, 0, 1, 1),
(24, 'sd', '../assests/images/stock/42765a6ea6ce67418.png', 12, 8, '223', '23', 0, 0, 3, 0, 3, 0, 0, 0, 1, 1),
(25, 'ds2', '../assests/images/stock/149105a6ea771d008d.png', 11, 9, '3', '3', 0, 0, 2, 0, 2, 0, 0, 0, 1, 1),
(26, '23', '../assests/images/stock/138105a6ea7bbc81fd.png', 12, 10, '23', '3', 0, 0, 3, 0, 3, 0, 0, 0, 1, 1),
(27, 'dsd', '../assests/images/stock/11485a6ea86fd7c34.png', 13, 8, '23', '233', 0, 0, 3, 0, 3, 0, 0, 0, 1, 1),
(28, '2323', '../assests/images/stock/88725a6ea8becfc09.png', 11, 7, '32', '32', 0, 0, 3, 0, 3, 0, 0, 0, 2, 1),
(29, '2323', '../assests/images/stock/86415a6ea8bf638b4.png', 11, 7, '32', '32', 0, 0, 3, 0, 3, 0, 0, 0, 2, 1),
(30, '2323', '../assests/images/stock/239105a6ea8c03e736.png', 11, 7, '32', '32', 0, 0, 3, 0, 3, 0, 0, 0, 2, 1),
(31, '2323', '../assests/images/stock/22155a6ea8c07f8f7.png', 11, 7, '32', '32', 0, 0, 3, 0, 3, 0, 0, 0, 2, 1),
(32, '2323', '../assests/images/stock/167245a6ea8c0adeb1.png', 11, 7, '32', '32', 0, 0, 3, 0, 3, 0, 0, 0, 2, 1),
(33, '2323', '../assests/images/stock/63975a6ea8c0ded7c.png', 11, 7, '32', '32', 0, 0, 3, 0, 3, 0, 0, 0, 2, 1),
(34, '2323', '../assests/images/stock/271225a6ea8c11d40f.png', 11, 7, '32', '32', 0, 0, 3, 0, 3, 0, 0, 0, 2, 1),
(35, '2323', '../assests/images/stock/21155a6ea8c14a1f6.png', 11, 7, '32', '32', 0, 0, 3, 0, 3, 0, 0, 0, 2, 1),
(36, '2323', '../assests/images/stock/78725a6ea8c16f325.png', 11, 7, '32', '32', 0, 0, 3, 0, 3, 0, 0, 0, 2, 1),
(37, 'sd', '../assests/images/stock/160535a6ea91304a1d.png', 12, 8, '23', '23', 0, 0, 23, 0, 32, 0, 0, 0, 1, 1),
(38, 'saf', '../assests/images/stock/183185a6ea93f2d4a4.jpg', 11, 8, '233', '23', 0, 0, 33, 0, 3, 0, 0, 0, 1, 1),
(39, 'saf', '../assests/images/stock/275675a6ea9516eaa1.jpg', 11, 8, '233', '23', 0, 0, 33, 0, 3, 0, 0, 0, 1, 1),
(40, '1234', '../assests/images/stock/87335a6ea95f802b4.jpg', 12, 7, '23', '4', 0, 0, 4, 0, 4, 0, 0, 0, 1, 1),
(41, '23', '../assests/images/stock/188585a6ea994f3a84.jpg', 14, 7, '32', '23', 0, 0, 3, 0, 3, 0, 0, 0, 1, 1),
(42, '32', '../assests/images/stock/48955a6ea9e87c37c.png', 12, 8, '33', '3', 0, 0, 3, 0, 3, 0, 0, 0, 1, 1),
(43, '34', '../assests/images/stock/168915a6eaa7da31af.jpg', 12, 8, '43', '34', 0, 0, 4, 0, 4, 0, 0, 0, 1, 1),
(44, '233', '../assests/images/stock/82405a6eaa9d63326.jpg', 12, 9, '2', '33', 0, 0, 3, 0, 3, 0, 0, 0, 1, 1),
(45, '233', '../assests/images/stock/11935a6eaa9e9aed5.jpg', 12, 9, '2', '33', 0, 0, 3, 0, 3, 0, 0, 0, 1, 1),
(46, '233', '../assests/images/stock/107985a6eaa9ecd9c1.jpg', 12, 9, '2', '33', 0, 0, 3, 0, 3, 0, 0, 0, 1, 1),
(47, 'DD', '../assests/images/stock/56125a6eb66380686.jpg', 11, 7, 'DD', '22', 0, 0, 22, 0, 22, 0, 0, 0, 1, 1),
(48, '23', '../assests/images/stock/274345a6eb70f0b441.jpg', 12, 7, '32', '32', 0, 0, 23, 0, 23, 0, 0, 0, 1, 1),
(49, '32', '../assests/images/stock/142185a6eb74c2a5df.jpg', 12, 7, '23', '33', 0, 0, 3, 0, 3, 0, 0, 0, 1, 1),
(50, 'sd', '../assests/images/stock/300845a6eb871e623c.jpg', 12, 7, '12', '22', 0, 0, 2, 0, 2, 0, 0, 0, 1, 1),
(51, '43', '../assests/images/stock/249285a6eba473807c.jpg', 12, 7, '34', '43', 0, 0, 0, 0, 0, 0, 0, 0, 1, 1),
(52, '232', '../assests/images/stock/118345a6eba96ad868.jpg', 13, 9, '23', '33', 0, 0, 0, 0, 0, 0, 0, 0, 1, 1),
(53, 'dsd', '../assests/images/stock/236405a6ebab9465a5.jpg', 12, 9, '33', '344', 0, 0, 0, 0, 0, 0, 0, 0, 1, 1),
(54, '43', '../assests/images/stock/21415a6ebafdc8c87.jpg', 14, 8, '34', '44', 0, 0, 4, 0, 4, 0, 0, 0, 1, 1),
(55, 'ds', '../assests/images/stock/197975a6ebb83d64e6.jpg', 12, 8, '23', '333', 0, 0, 0, 0, 0, 0, 0, 0, 1, 1),
(56, '2', '../assests/images/stock/199175a6ebbed1b377.jpg', 15, 8, '3', '3', 0, 0, 0, 0, 0, 0, 0, 0, 1, 1),
(57, '233', '../assests/images/stock/287635a6ebc2c055a4.jpg', 12, 7, '3', '33', 0, 0, 3, 0, 0, 0, 0, 0, 1, 1),
(58, 'ssss', '../assests/images/stock/312995a6ebc6c3c9db.jpg', 13, 8, '22', '22', 0, 0, 2, 0, 0, 0, 0, 0, 1, 1),
(59, 'sdsd', '../assests/images/stock/2315a6ebc8d35fe8.jpg', 12, 8, '231', '33', 0, 0, 33, 0, 33, 0, 0, 0, 1, 1),
(60, 'sdsd', '../assests/images/stock/270895a6ebcf9da30f.jpg', 12, 9, '30', '333', 0, 0, 3, 0, 4, 0, 0, 0, 1, 1);

-- --------------------------------------------------------

--
-- Table structure for table `products`
--

CREATE TABLE `products` (
  `product_id` int(11) NOT NULL,
  `product_code` varchar(200) NOT NULL,
  `gen_name` varchar(200) NOT NULL,
  `product_name` varchar(200) NOT NULL,
  `cost` varchar(100) NOT NULL,
  `o_price` varchar(100) NOT NULL,
  `price` varchar(100) NOT NULL,
  `profit` varchar(100) NOT NULL,
  `supplier` varchar(100) NOT NULL,
  `onhand_qty` int(10) NOT NULL,
  `qty` int(10) NOT NULL,
  `qty_sold` int(10) NOT NULL,
  `expiry_date` varchar(500) NOT NULL,
  `date_arrival` varchar(500) NOT NULL
) ENGINE=InnoDB DEFAULT CHARSET=latin1;

--
-- Dumping data for table `products`
--

INSERT INTO `products` (`product_id`, `product_code`, `gen_name`, `product_name`, `cost`, `o_price`, `price`, `profit`, `supplier`, `onhand_qty`, `qty`, `qty_sold`, `expiry_date`, `date_arrival`) VALUES
(58, 'dee', 'deee', '  ', '', '344', '233', '-111', '', 0, 2, 23, '', ''),
(59, 'vijay', 'vijay', ' ', '', '345', '324', '-21', '', 0, 42, 45, '', '');

-- --------------------------------------------------------

--
-- Table structure for table `purchases`
--

CREATE TABLE `purchases` (
  `transaction_id` int(11) NOT NULL,
  `invoice_number` varchar(100) NOT NULL,
  `date` varchar(100) NOT NULL,
  `suplier` varchar(100) NOT NULL,
  `remarks` varchar(100) NOT NULL
) ENGINE=InnoDB DEFAULT CHARSET=latin1;

-- --------------------------------------------------------

--
-- Table structure for table `purchases_item`
--

CREATE TABLE `purchases_item` (
  `id` int(11) NOT NULL,
  `name` varchar(100) NOT NULL,
  `qty` int(11) NOT NULL,
  `cost` varchar(100) NOT NULL,
  `invoice` varchar(100) NOT NULL
) ENGINE=InnoDB DEFAULT CHARSET=latin1;

-- --------------------------------------------------------

--
-- Table structure for table `quotation`
--

CREATE TABLE `quotation` (
  `order_id` int(255) NOT NULL,
  `order_date` date NOT NULL,
  `client_name` varchar(255) NOT NULL,
  `client_contact` varchar(255) NOT NULL,
  `sub_total` int(255) NOT NULL,
  `vat` int(255) NOT NULL,
  `total_amount` int(255) NOT NULL,
  `discount` int(255) NOT NULL,
  `grand_total` int(255) NOT NULL
) ENGINE=InnoDB DEFAULT CHARSET=latin1;

--
-- Dumping data for table `quotation`
--

INSERT INTO `quotation` (`order_id`, `order_date`, `client_name`, `client_contact`, `sub_total`, `vat`, `total_amount`, `discount`, `grand_total`) VALUES
(1, '2018-01-10', 'jayaram', '3947832', 3600, 468, 4068, 342, 3726),
(2, '2018-01-10', 'kjdsfk', '23432', 3600, 468, 4068, 342, 3726),
(3, '2018-01-10', 'ewrwer', '34224', 3600, 468, 4068, 342, 3726),
(4, '2018-01-10', 'were', '4243', 3600, 468, 4068, 342, 3726),
(5, '2018-01-09', 'ert', '5443', 3600, 468, 4068, 435, 3633),
(6, '2018-01-10', 'retr', '4543', 3600, 468, 4068, 4354, -286),
(7, '2018-01-10', 'ddsfd', '43243', 3600, 468, 4068, 32, 4036),
(8, '2018-01-10', 'dffgd', '32443', 3600, 468, 4068, 324, 3744),
(9, '2018-01-10', 'sdsdf', '342', 3600, 468, 4068, 342, 3726),
(10, '2018-01-10', 'jayaram', '4323234', 3600, 468, 4068, 342342, -338274),
(11, '2018-01-10', 'vijay', '34209348', 3600, 468, 4068, 32443, -28375),
(12, '2018-01-10', '342', '234', 3600, 468, 4068, 423, 3645),
(13, '2018-01-10', 'sffd', '43243', 33600, 4368, 37968, 234, 37734),
(14, '2018-01-10', '23', '32', 1200, 144, 1200, 0, 1200),
(15, '2018-01-10', 'DSA', '21', 3600, 288, 3888, 0, 3888),
(16, '2018-01-10', 'xcv', '234', 3600, 828, 3600, 23, 3577),
(17, '2018-01-10', 'cv', '32', 3600, 756, 3600, 0, 3600),
(18, '2018-01-10', 'we', '3232', 3600, 432, 3600, 32, 3568),
(19, '2018-01-10', 'sads', '21123', 3600, 432, 3600, 0, 3600),
(20, '2018-01-10', 'dsf', '2131', 3600, 432, 3600, 213, 3387),
(21, '2018-01-10', 'sada', '21321', 3600, 4032, 3600, 1, 3599),
(22, '2018-01-10', 'DSF', '12321', 3600, 0, 3600, 0, 3600),
(23, '2018-01-10', 'dsff', '12221', 3600, 7668, 3600, 0, 3600),
(24, '2018-01-10', 'sdff', '123', 3600, 756, 3600, 0, 3600),
(25, '2018-01-10', 'fsdf', '23121', 3600, 1152, 3600, 32, 3568),
(26, '2018-01-10', 'SDSA', '31212', 3600, 396, 3600, 0, 3600),
(27, '2018-01-10', '234', '23', 3600, 0, 3600, 0, 3600),
(28, '2018-01-10', 'SDS', '2312', 3600, 83232, 3600, 0, 3600),
(29, '2018-01-10', 'DSD', '213', 3600, 0, 3600, 0, 3600),
(30, '2018-01-10', 'ds', '21312', 3600, 0, 3600, 0, 3600),
(31, '2018-01-10', 'sda', '21', 3600, 0, 3600, 0, 3600),
(32, '2018-01-10', 'dsdf', '2131', 3600, 0, 3600, 0, 3600),
(33, '2018-01-03', 'fd', '765', 3600, 0, 3600, 0, 3600),
(34, '2018-01-10', 'mhg', '87', 3600, 0, 3600, 0, 3600),
(35, '2018-01-03', 'hg', '86', 3600, 0, 3600, 0, 3600),
(36, '2018-01-10', 'hjgf', '897', 3600, 0, 3600, 0, 3600),
(37, '2018-01-11', 'dsa', 'sad', 3600, 0, 3600, 0, 3600),
(38, '2018-01-11', 'xcvbx', 'q3423', 3600, 0, 3600, 0, 3600),
(39, '2018-01-11', 'sasd', '2312', 3600, 0, 3600, 0, 3600),
(40, '2018-01-11', 'asd', '21', 3600, 0, 3600, 0, 3600),
(41, '2018-01-11', 'dsfsf', '2e21', 3600, 0, 3600, 0, 3600),
(42, '2018-01-11', 'deepan', '3424', 3600, 0, 3600, 0, 3600),
(43, '2018-01-11', 'sdfsd', '21123', 3600, 0, 3600, 0, 3600),
(44, '2018-01-11', 'vijay', '34232', 3600, 0, 3600, 0, 3600),
(45, '2018-01-11', 'dsfs', '3423', 3600, 0, 3600, 0, 3600),
(46, '2018-01-11', 'vijhsd', '5435', 3600, 0, 3600, 0, 3600),
(47, '2018-01-11', 'assd', '23131', 3600, 0, 3600, 0, 3600),
(48, '2018-01-11', 'sdasd', '23123', 3600, 0, 3600, 0, 3600),
(49, '2018-01-11', 'dfsdf', '234234', 3600, 0, 3600, 0, 3600),
(50, '2018-01-11', 'dfsf', '43223', 4800, 0, 4800, 0, 4800),
(51, '2018-01-04', 'sads', '13', 3600, 0, 3600, 0, 3600),
(52, '2018-01-11', 'dsff', '34234', 3600, 0, 3600, 0, 3600),
(53, '2018-01-11', 'wqeqw', '213', 3600, 0, 3600, 0, 3600),
(54, '2018-01-10', 'dsa', '213', 3600, 0, 3600, 0, 3600),
(55, '2018-01-11', 'asd', '3123', 3600, 0, 3600, 0, 3600),
(56, '2018-01-11', 'dsfd2', '3423', 3600, 432, 3600, 32, 3568),
(57, '2018-01-11', '234', '3243', 3600, 648, 3600, 21, 3579),
(58, '2018-01-11', '432', '2343', 3600, 432, 3600, 12, 3588),
(59, '2018-01-11', '213', '134', 3600, 1152, 3600, 3, 3597),
(60, '2018-01-11', '123321', '213', 3600, 432, 3600, 23, 3577),
(61, '2018-01-12', 'gdfg', '3423', 3600, 864, 4464, 12, 4452),
(62, '2018-01-12', 'sdfs', '32134', 10300, 1854, 12154, 0, 12154),
(63, '2018-01-28', '212', '123', 4400, 1012, 5412, 21321, -15909);

-- --------------------------------------------------------

--
-- Table structure for table `quotation_order_item`
--

CREATE TABLE `quotation_order_item` (
  `order_item_id` int(255) NOT NULL,
  `order_id` int(255) NOT NULL,
  `product_id` int(255) NOT NULL,
  `quantity` int(255) NOT NULL,
  `rate` int(255) NOT NULL,
  `total` int(255) NOT NULL,
  `order_item_status` int(255) NOT NULL
) ENGINE=InnoDB DEFAULT CHARSET=latin1;

--
-- Dumping data for table `quotation_order_item`
--

INSERT INTO `quotation_order_item` (`order_item_id`, `order_id`, `product_id`, `quantity`, `rate`, `total`, `order_item_status`) VALUES
(1, 1, 7, 1, 1200, 1200, 1),
(2, 1, 8, 1, 1200, 1200, 1),
(3, 1, 7, 1, 1200, 1200, 1),
(4, 2, 7, 1, 1200, 1200, 1),
(5, 2, 7, 1, 1200, 1200, 1),
(6, 2, 7, 1, 1200, 1200, 1),
(7, 3, 7, 1, 1200, 1200, 1),
(8, 3, 7, 1, 1200, 1200, 1),
(9, 3, 7, 1, 1200, 1200, 1),
(10, 4, 7, 1, 1200, 1200, 1),
(11, 4, 7, 1, 1200, 1200, 1),
(12, 4, 7, 1, 1200, 1200, 1),
(13, 5, 7, 1, 1200, 1200, 1),
(14, 5, 8, 1, 1200, 1200, 1),
(15, 5, 7, 1, 1200, 1200, 1),
(16, 6, 7, 1, 1200, 1200, 1),
(17, 6, 7, 1, 1200, 1200, 1),
(18, 6, 7, 1, 1200, 1200, 1),
(19, 7, 7, 1, 1200, 1200, 1),
(20, 7, 7, 1, 1200, 1200, 1),
(21, 7, 7, 1, 1200, 1200, 1),
(22, 8, 7, 1, 1200, 1200, 1),
(23, 8, 8, 1, 1200, 1200, 1),
(24, 8, 7, 1, 1200, 1200, 1),
(25, 9, 7, 1, 1200, 1200, 1),
(26, 9, 7, 1, 1200, 1200, 1),
(27, 9, 7, 1, 1200, 1200, 1),
(28, 10, 7, 1, 1200, 1200, 1),
(29, 10, 7, 1, 1200, 1200, 1),
(30, 10, 7, 1, 1200, 1200, 1),
(31, 11, 7, 1, 1200, 1200, 1),
(32, 11, 7, 1, 1200, 1200, 1),
(33, 11, 7, 1, 1200, 1200, 1),
(34, 12, 7, 1, 1200, 1200, 1),
(35, 12, 7, 1, 1200, 1200, 1),
(36, 12, 7, 1, 1200, 1200, 1),
(37, 13, 7, 1, 1200, 1200, 1),
(38, 13, 7, 1, 1200, 1200, 1),
(39, 13, 7, 1, 1200, 1200, 1),
(40, 13, 8, 1, 1200, 1200, 1),
(41, 13, 7, 1, 1200, 1200, 1),
(42, 13, 7, 1, 1200, 1200, 1),
(43, 13, 7, 1, 1200, 1200, 1),
(44, 13, 7, 1, 1200, 1200, 1),
(45, 13, 7, 1, 1200, 1200, 1),
(46, 13, 7, 1, 1200, 1200, 1),
(47, 13, 7, 1, 1200, 1200, 1),
(48, 13, 7, 1, 1200, 1200, 1),
(49, 13, 7, 1, 1200, 1200, 1),
(50, 13, 7, 1, 1200, 1200, 1),
(51, 13, 7, 1, 1200, 1200, 1),
(52, 13, 7, 1, 1200, 1200, 1),
(53, 13, 7, 1, 1200, 1200, 1),
(54, 13, 7, 1, 1200, 1200, 1),
(55, 13, 7, 1, 1200, 1200, 1),
(56, 13, 7, 1, 1200, 1200, 1),
(57, 13, 7, 1, 1200, 1200, 1),
(58, 13, 7, 1, 1200, 1200, 1),
(59, 13, 7, 1, 1200, 1200, 1),
(60, 13, 7, 1, 1200, 1200, 1),
(61, 13, 7, 1, 1200, 1200, 1),
(62, 13, 7, 1, 1200, 1200, 1),
(63, 13, 7, 1, 1200, 1200, 1),
(64, 13, 7, 1, 1200, 1200, 1),
(65, 14, 7, 1, 1200, 1200, 1),
(66, 15, 7, 1, 1200, 1200, 1),
(67, 15, 7, 1, 1200, 1200, 1),
(68, 15, 7, 1, 1200, 1200, 1),
(69, 16, 7, 1, 1200, 1200, 1),
(70, 16, 7, 1, 1200, 1200, 1),
(71, 16, 7, 1, 1200, 1200, 1),
(72, 17, 7, 1, 1200, 1200, 1),
(73, 17, 7, 1, 1200, 1200, 1),
(74, 17, 7, 1, 1200, 1200, 1),
(75, 18, 7, 1, 1200, 1200, 1),
(76, 18, 7, 1, 1200, 1200, 1),
(77, 18, 7, 1, 1200, 1200, 1),
(78, 19, 7, 1, 1200, 1200, 1),
(79, 19, 7, 1, 1200, 1200, 1),
(80, 19, 8, 1, 1200, 1200, 1),
(81, 20, 7, 1, 1200, 1200, 1),
(82, 20, 8, 1, 1200, 1200, 1),
(83, 20, 7, 1, 1200, 1200, 1),
(84, 21, 7, 1, 1200, 1200, 1),
(85, 21, 7, 1, 1200, 1200, 1),
(86, 21, 7, 1, 1200, 1200, 1),
(87, 22, 7, 1, 1200, 1200, 1),
(88, 22, 7, 1, 1200, 1200, 1),
(89, 22, 7, 1, 1200, 1200, 1),
(90, 23, 7, 1, 1200, 1200, 1),
(91, 23, 7, 1, 1200, 1200, 1),
(92, 23, 7, 1, 1200, 1200, 1),
(93, 24, 7, 1, 1200, 1200, 1),
(94, 24, 7, 1, 1200, 1200, 1),
(95, 24, 7, 1, 1200, 1200, 1),
(96, 25, 7, 1, 1200, 1200, 1),
(97, 25, 8, 1, 1200, 1200, 1),
(98, 25, 7, 1, 1200, 1200, 1),
(99, 26, 8, 1, 1200, 1200, 1),
(100, 26, 7, 1, 1200, 1200, 1),
(101, 26, 8, 1, 1200, 1200, 1),
(102, 27, 7, 1, 1200, 1200, 1),
(103, 27, 7, 1, 1200, 1200, 1),
(104, 27, 7, 1, 1200, 1200, 1),
(105, 28, 7, 1, 1200, 1200, 1),
(106, 28, 8, 1, 1200, 1200, 1),
(107, 28, 7, 1, 1200, 1200, 1),
(108, 29, 8, 1, 1200, 1200, 1),
(109, 29, 8, 1, 1200, 1200, 1),
(110, 29, 7, 1, 1200, 1200, 1),
(111, 30, 7, 1, 1200, 1200, 1),
(112, 30, 7, 1, 1200, 1200, 1),
(113, 30, 7, 1, 1200, 1200, 1),
(114, 31, 7, 1, 1200, 1200, 1),
(115, 31, 8, 1, 1200, 1200, 1),
(116, 31, 7, 1, 1200, 1200, 1),
(117, 32, 7, 1, 1200, 1200, 1),
(118, 32, 7, 1, 1200, 1200, 1),
(119, 32, 7, 1, 1200, 1200, 1),
(120, 33, 8, 1, 1200, 1200, 1),
(121, 33, 7, 1, 1200, 1200, 1),
(122, 33, 7, 1, 1200, 1200, 1),
(123, 34, 8, 1, 1200, 1200, 1),
(124, 34, 7, 1, 1200, 1200, 1),
(125, 34, 8, 1, 1200, 1200, 1),
(126, 35, 7, 1, 1200, 1200, 1),
(127, 35, 7, 1, 1200, 1200, 1),
(128, 35, 7, 1, 1200, 1200, 1),
(129, 36, 8, 1, 1200, 1200, 1),
(130, 36, 7, 1, 1200, 1200, 1),
(131, 36, 7, 1, 1200, 1200, 1),
(132, 37, 7, 1, 1200, 1200, 1),
(133, 37, 7, 1, 1200, 1200, 1),
(134, 37, 8, 1, 1200, 1200, 1),
(135, 38, 7, 1, 1200, 1200, 1),
(136, 38, 7, 1, 1200, 1200, 1),
(137, 38, 7, 1, 1200, 1200, 1),
(138, 39, 7, 1, 1200, 1200, 1),
(139, 39, 8, 1, 1200, 1200, 1),
(140, 39, 7, 1, 1200, 1200, 1),
(141, 40, 8, 1, 1200, 1200, 1),
(142, 40, 7, 1, 1200, 1200, 1),
(143, 40, 7, 1, 1200, 1200, 1),
(144, 41, 7, 1, 1200, 1200, 1),
(145, 41, 7, 1, 1200, 1200, 1),
(146, 41, 7, 1, 1200, 1200, 1),
(147, 42, 7, 1, 1200, 1200, 1),
(148, 42, 8, 1, 1200, 1200, 1),
(149, 42, 7, 1, 1200, 1200, 1),
(150, 43, 7, 1, 1200, 1200, 1),
(151, 43, 8, 1, 1200, 1200, 1),
(152, 43, 7, 1, 1200, 1200, 1),
(153, 44, 7, 1, 1200, 1200, 1),
(154, 44, 8, 1, 1200, 1200, 1),
(155, 44, 7, 1, 1200, 1200, 1),
(156, 45, 7, 1, 1200, 1200, 1),
(157, 45, 8, 1, 1200, 1200, 1),
(158, 45, 8, 1, 1200, 1200, 1),
(159, 46, 8, 1, 1200, 1200, 1),
(160, 46, 7, 1, 1200, 1200, 1),
(161, 46, 7, 1, 1200, 1200, 1),
(162, 47, 8, 1, 1200, 1200, 1),
(163, 47, 8, 1, 1200, 1200, 1),
(164, 47, 7, 1, 1200, 1200, 1),
(165, 48, 7, 1, 1200, 1200, 1),
(166, 48, 8, 1, 1200, 1200, 1),
(167, 48, 7, 1, 1200, 1200, 1),
(168, 49, 7, 1, 1200, 1200, 1),
(169, 49, 7, 1, 1200, 1200, 1),
(170, 49, 7, 1, 1200, 1200, 1),
(171, 50, 7, 1, 1200, 1200, 1),
(172, 50, 7, 1, 1200, 1200, 1),
(173, 50, 7, 1, 1200, 1200, 1),
(174, 50, 7, 1, 1200, 1200, 1),
(175, 51, 8, 1, 1200, 1200, 1),
(176, 51, 7, 1, 1200, 1200, 1),
(177, 51, 7, 1, 1200, 1200, 1),
(178, 52, 7, 1, 1200, 1200, 1),
(179, 52, 8, 1, 1200, 1200, 1),
(180, 52, 7, 1, 1200, 1200, 1),
(181, 53, 7, 1, 1200, 1200, 1),
(182, 53, 7, 1, 1200, 1200, 1),
(183, 53, 7, 1, 1200, 1200, 1),
(184, 54, 7, 1, 1200, 1200, 1),
(185, 54, 8, 1, 1200, 1200, 1),
(186, 54, 7, 1, 1200, 1200, 1),
(187, 55, 7, 1, 1200, 1200, 1),
(188, 55, 7, 1, 1200, 1200, 1),
(189, 55, 7, 1, 1200, 1200, 1),
(190, 56, 7, 1, 1200, 1200, 1),
(191, 56, 7, 1, 1200, 1200, 1),
(192, 56, 7, 1, 1200, 1200, 1),
(193, 57, 7, 1, 1200, 1200, 1),
(194, 57, 7, 1, 1200, 1200, 1),
(195, 57, 7, 1, 1200, 1200, 1),
(196, 58, 7, 1, 1200, 1200, 1),
(197, 58, 7, 1, 1200, 1200, 1),
(198, 58, 7, 1, 1200, 1200, 1),
(199, 59, 7, 1, 1200, 1200, 1),
(200, 59, 7, 1, 1200, 1200, 1),
(201, 59, 7, 1, 1200, 1200, 1),
(202, 60, 7, 1, 1200, 1200, 1),
(203, 60, 7, 1, 1200, 1200, 1),
(204, 60, 7, 1, 1200, 1200, 1),
(205, 61, 7, 1, 1200, 1200, 1),
(206, 61, 7, 1, 1200, 1200, 1),
(207, 61, 7, 1, 1200, 1200, 1),
(208, 62, 9, 1, 9000, 9000, 1),
(209, 62, 7, 1, 1200, 1200, 1),
(210, 62, 10, 1, 100, 100, 1),
(211, 63, 10, 1, 100, 100, 1),
(212, 63, 13, 1, 4000, 4000, 1),
(213, 63, 11, 1, 300, 300, 1);

-- --------------------------------------------------------

--
-- Table structure for table `sales`
--

CREATE TABLE `sales` (
  `transaction_id` int(11) NOT NULL,
  `invoice_number` varchar(100) NOT NULL,
  `cashier` varchar(100) NOT NULL,
  `date` varchar(100) NOT NULL,
  `type` varchar(100) NOT NULL,
  `amount` varchar(100) NOT NULL,
  `profit` varchar(100) NOT NULL,
  `due_date` varchar(100) NOT NULL,
  `name` varchar(100) NOT NULL,
  `balance` varchar(100) NOT NULL
) ENGINE=InnoDB DEFAULT CHARSET=latin1;

--
-- Dumping data for table `sales`
--

INSERT INTO `sales` (`transaction_id`, `invoice_number`, `cashier`, `date`, `type`, `amount`, `profit`, `due_date`, `name`, `balance`) VALUES
(142, 'RS-3930200', 'Admin', '01/07/18', 'cash', '1165', '-555', '43', '4rr', ''),
(143, 'RS-26232973', '<br /><b>Notice</b>:  Undefined index: SESS_FIRST_NAME in <b>C:\\xampp\\htdocs\\anketsystems\\final\\sale', '01/26/18', 'cash', '1620', '', '2323', 'dsd', ''),
(144, '', '<br /><b>Notice</b>:  Undefined index: SESS_FIRST_NAME in <b>C:\\xampp\\htdocs\\anketsystems\\final\\sale', '01/26/18', 'cash', '1080', '', '1000', 'deepan', ''),
(145, '', '', '01/26/18', '', '1080', '', '', '', ''),
(146, '', '', '01/26/18', '', '1080', '', '', '', ''),
(147, '', '', '01/26/18', '', '<br />\r\n<b>Notice</b>:  Undefined index: total in <b>C:\\xampp\\htdocs\\anketsystems\\final\\checkout.php', '', '', '', ''),
(148, '', '', '01/26/18', 'cash', '1080', '', '5434', 'deepan', '');

-- --------------------------------------------------------

--
-- Table structure for table `sales_bill`
--

CREATE TABLE `sales_bill` (
  `no` int(244) NOT NULL,
  `number` int(255) NOT NULL,
  `invoice_number` int(255) NOT NULL,
  `product` varchar(100) NOT NULL,
  `qty` varchar(100) NOT NULL,
  `amount` varchar(100) NOT NULL,
  `profit` varchar(100) NOT NULL,
  `product_code` varchar(150) NOT NULL,
  `gen_name` varchar(200) NOT NULL,
  `name` varchar(200) NOT NULL,
  `price` varchar(100) NOT NULL,
  `cgst` int(255) NOT NULL,
  `cgsttotal` int(255) NOT NULL,
  `sgst` int(255) NOT NULL,
  `sgsttotal` int(255) NOT NULL,
  `discount` varchar(100) NOT NULL,
  `due` int(255) NOT NULL,
  `date` date NOT NULL
) ENGINE=InnoDB DEFAULT CHARSET=latin1;

--
-- Dumping data for table `sales_bill`
--

INSERT INTO `sales_bill` (`no`, `number`, `invoice_number`, `product`, `qty`, `amount`, `profit`, `product_code`, `gen_name`, `name`, `price`, `cgst`, `cgsttotal`, `sgst`, `sgsttotal`, `discount`, `due`, `date`) VALUES
(1, 0, 0, '', '', '1080', '', '', '', 'deepan', '', 0, 0, 0, 0, '', 4000, '0000-00-00'),
(2, 0, 0, '', '', '2160', '', '', '', 'vijay', '', 0, 0, 0, 0, '', 445, '0000-00-00'),
(3, 0, 0, '', '', '2160', '', '', '', 'deepan', '', 0, 0, 0, 0, '', 334, '0000-00-00'),
(4, 0, 0, '', '', '12240', '', '', '', 'deepan', '', 0, 0, 0, 0, '', 499, '0000-00-00'),
(5, 0, 0, '', '', '93840', '', '', '', 'xxx', '', 0, 12420, 0, 0, '', 222, '0000-00-00'),
(6, 0, 0, '', '', '12240', '', '', '', 'yyy', '', 0, 1620, 0, 0, '', 2332, '0000-00-00'),
(7, 0, 0, '', '', '89760', '', '', '', 'rrr', '', 0, 11880, 0, 0, '', 333, '0000-00-00'),
(8, 0, 0, '', '', '8160', '', '', '', 'xcc', '', 0, 1080, 0, 0, '', 343, '0000-00-00'),
(9, 0, 0, '', '', '20400', '', '', '', 'deepan', '', 0, 2700, 0, 0, '', 3333, '0000-00-00'),
(10, 0, 0, '', '', '89760', '', '', '', 'xcc', '', 0, 11880, 0, 0, '', 323, '0000-00-00'),
(11, 0, 0, '', '', '8160', '', '', '', 'ddd', '', 0, 1080, 0, 0, '', 222, '0000-00-00'),
(12, 0, 0, '', '', '8160', '', '', '', 'ddd', '', 0, 1080, 0, 1080, '', 222, '0000-00-00'),
(13, 0, 0, '', '', '20400', '', '', '', 'sss', '', 0, 2700, 0, 2700, '', 222, '0000-00-00'),
(14, 0, 0, '', '', '12240', '', '', '', 'deepan', '', 0, 1620, 0, 1620, '', 0, '0000-00-00'),
(15, 0, 0, '', '', '', '', '', '', 'deepan', '', 0, 0, 0, 0, '', 0, '0000-00-00'),
(16, 0, 0, '', '', '4080', '', '', '', 'fffg', '', 0, 540, 0, 540, '', 3333, '0000-00-00'),
(17, 0, 0, '', '', '4080', '', '', '', 'fffg', '', 0, 540, 0, 540, '', 3333, '0000-00-00'),
(18, 0, 0, '', '', '4080', '', '', '', 'fffg', '', 0, 540, 0, 540, '', 3333, '0000-00-00'),
(19, 0, 0, '', '', '4080', '', '', '', 'fffg', '', 0, 540, 0, 540, '', 3333, '0000-00-00'),
(20, 0, 0, '', '', '4080', '', '', '', 'fffg', '', 0, 540, 0, 540, '', 3333, '0000-00-00'),
(21, 0, 0, '', '', '8160', '', '', '', 'ggg', '', 0, 1080, 0, 1080, '', 333, '0000-00-00'),
(22, 0, 0, '', '', '8160', '', '', '', 'ggg', '', 0, 1080, 0, 1080, '', 333, '0000-00-00'),
(23, 0, 0, '', '', '8160', '', '', '', 'deepannnn', '', 0, 1080, 0, 1080, '', 0, '0000-00-00'),
(24, 0, 0, '', '', '8160', '', '', '', 'dd', '', 0, 1080, 0, 1080, '', 22, '0000-00-00'),
(25, 0, 0, '', '', '4080', '', '', '', 'dd', '', 0, 540, 0, 540, '', 22, '0000-00-00'),
(26, 0, 0, '', '', '4080', '', '', '', 'ss', '', 0, 540, 0, 540, '', 22, '0000-00-00'),
(27, 0, 0, '', '', '12240', '', '', '', 'dd', '', 0, 1620, 0, 1620, '', 222, '0000-00-00'),
(28, 0, 0, '', '', '4080', '', '', '', 'ddd', '', 0, 540, 0, 540, '', 222, '0000-00-00'),
(29, 0, 0, '', '', '12240', '', '', '', 'ee', '', 0, 1620, 0, 1620, '', 333, '0000-00-00'),
(30, 0, 0, 'RS-3009033', '', '8160', '', '', '', 'ff', '', 0, 1080, 0, 1080, '', 333, '0000-00-00'),
(31, 0, 0, '', '', '93840', '', '', '', 'eee', '', 0, 12420, 0, 12420, '', 222, '0000-00-00'),
(32, 0, 0, '', '', '89760', '', '', '', 'sss', '', 0, 11880, 0, 11880, '', 222, '0000-00-00'),
(33, 0, 0, 'RS-2030000', '', '8160', '', '', '', '22', '', 0, 1080, 0, 1080, '', 33, '0000-00-00'),
(34, 0, 0, 'RS-23032239', '', '', '', '', '', 'dee', '', 0, 0, 0, 0, '', 222, '0000-00-00'),
(35, 0, 0, 'RS-23032239', '', '', '', '', '', 'fdfd', '', 0, 0, 0, 0, '', 2332, '0000-00-00'),
(36, 0, 0, 'RS-23032239', '', '', '', '', '', 'dd', '', 0, 0, 0, 0, '', 3223, '0000-00-00'),
(37, 0, 0, 'RS-23032239', '', '8160', '', '', '', 'ddd', '', 0, 1080, 0, 1080, '', 2323, '0000-00-00'),
(38, 0, 0, 'RS-6232637', '', '8160', '', '', '', 'dd', '', 0, 1080, 0, 1080, '', 232, '0000-00-00'),
(39, 0, 0, 'RS-6232637', '', '8160', '', '', '', 'fgd', '', 0, 1080, 0, 1080, '', 423, '0000-00-00'),
(40, 0, 0, 'RS-259203', '', '4540', '', '', '', 'ddd', '', 0, 540, 0, 540, '', 122, '0000-00-00'),
(41, 0, 0, 'RS-057399', '', '39576', '', '', '', 'cvq', '', 0, 5238, 0, 5238, '', 3423, '0000-00-00'),
(42, 0, 0, 'RS-32032220', '', '4080', '', '', '', 'e34', '', 0, 540, 0, 540, '', 2232, '0000-00-00'),
(43, 0, 0, 'RS-403080', '', '20400', '', '', '', '23', '', 0, 2700, 0, 2700, '', 23, '0000-00-00'),
(44, 0, 0, 'RS-4053062', '', '28560', '', '', '', 'xxx', '', 0, 3780, 0, 3780, '', 22222, '0000-00-00'),
(45, 0, 0, 'RS-522322', '', '4080', '', '', '', '22', '', 0, 540, 0, 540, '', 22, '0000-00-00'),
(46, 0, 0, 'RS-3033322', '', '4080', '', '', '', 'jhg', '', 0, 540, 0, 540, '', 76, '0000-00-00'),
(47, 0, 0, 'RS-269324', '', '28560', '', '', '', 'hhh', '', 0, 3780, 0, 3780, '', 43, '0000-00-00'),
(48, 0, 0, 'RS-22703', '', '4080', '', '', '', 'sda', '', 0, 540, 0, 540, '', 2313, '0000-00-00'),
(49, 0, 0, 'RS-9533895', '', '4080', '', '', '', 'ss', '', 0, 540, 0, 540, '', 222, '0000-00-00'),
(50, 0, 0, 'RS-38027', '', '8160', '', '', '', 'ss', '', 0, 1080, 0, 1080, '', 12, '0000-00-00'),
(51, 0, 0, 'RS-352238', '', '4080', '', '', '', 'deepan', '', 0, 540, 0, 540, '', 500, '0000-00-00'),
(52, 0, 0, 'RS-02903379', '', '8160', '', '', '', 'vij', '', 0, 1080, 0, 1080, '', 344, '0000-00-00'),
(53, 2147483647, 0, 'RS-37502203', '', '8160', '', '', '', 'vijaydeepan', '', 0, 1080, 0, 1080, '', 0, '0000-00-00'),
(54, 1111111111, 0, 'RS-33003276', '', '8160', '', '', '', 'ffff', '', 0, 1080, 0, 1080, '', 0, '0000-00-00'),
(55, 327462837, 0, 'RS-20308', '', '12240', '', '', '', 'nithya', '', 0, 1620, 0, 1620, '', 0, '0000-00-00'),
(56, 42324457, 0, 'RS-928282', '', '12104', '', '', '', 'abdul', '', 0, 1602, 0, 1602, '', 50, '0000-00-00'),
(57, 233, 0, 'RS-3309303', '', '8160', '', '', '', 'dd', '', 0, 1080, 0, 1080, '', 0, '0000-00-00'),
(58, 3423, 0, 'RS-2694', '', '8160', '', '', '', 'xx', '', 0, 1080, 0, 1080, '', 0, '0000-00-00'),
(59, 23332, 0, 'RS-834432', '', '705.96', '', '', '', 'deep', '', 0, 20, 0, 20, '', 0, '0000-00-00'),
(60, 232, 0, 'RS-2323037', '', '8160', '', '', '', 'ss', '', 0, 1080, 0, 1080, '', 0, '0000-00-00'),
(61, 22, 0, 'RS-23623', '', '2400', '', '', '', 'sx', '', 0, 0, 0, 0, '', 45, '0000-00-00'),
(62, 0, 0, 'RS-02233324', '', '10560', '', '', '', '', '', 0, 1080, 0, 1080, '', 0, '0000-00-00'),
(63, 33, 0, 'RS-2336223', '', '8160', '', '', '', 'dd', '', 0, 1080, 0, 1080, '', 0, '0000-00-00'),
(64, 22, 0, 'RS-032233', '', '8160', '', '', '', 'ss', '', 0, 1080, 0, 1080, '', 3, '0000-00-00'),
(65, 22, 0, 'RS-4326044', '', '8160', '', '', '', 'ww', '', 0, 1080, 0, 1080, '', 2, '2018-01-29'),
(66, 232, 0, 'RS-22022236', '', '12240', '', '', '', 'vijay', '', 0, 1620, 0, 1620, '', 0, '2018-01-29');

-- --------------------------------------------------------

--
-- Table structure for table `sales_bill2`
--

CREATE TABLE `sales_bill2` (
  `no` int(11) NOT NULL,
  `number` int(255) NOT NULL,
  `invoice_number` int(255) NOT NULL,
  `product` varchar(100) NOT NULL,
  `qty` varchar(100) NOT NULL,
  `amount` varchar(100) NOT NULL,
  `profit` varchar(100) NOT NULL,
  `product_code` varchar(150) NOT NULL,
  `gen_name` varchar(200) NOT NULL,
  `name` varchar(200) NOT NULL,
  `price` varchar(100) NOT NULL,
  `cgst` int(255) NOT NULL,
  `cgsttotal` int(255) NOT NULL,
  `sgst` int(255) NOT NULL,
  `sgsttotal` int(255) NOT NULL,
  `discount` varchar(100) NOT NULL,
  `due` int(255) NOT NULL,
  `date` date NOT NULL
) ENGINE=InnoDB DEFAULT CHARSET=latin1;

--
-- Dumping data for table `sales_bill2`
--

INSERT INTO `sales_bill2` (`no`, `number`, `invoice_number`, `product`, `qty`, `amount`, `profit`, `product_code`, `gen_name`, `name`, `price`, `cgst`, `cgsttotal`, `sgst`, `sgsttotal`, `discount`, `due`, `date`) VALUES
(1, 4324234, 0, 'RS-50303722', '', '', '', '', '', 'deepan', '', 0, 0, 0, 0, '', 0, '0000-00-00'),
(2, 0, 0, 'RS-33240629', '', '12240', '', '', '', 'vijay', '', 0, 1620, 0, 1620, '', 0, '0000-00-00'),
(3, 2332, 0, 'RS-205420', '', '8160', '', '', '', 'ff', '', 0, 1080, 0, 1080, '', 0, '0000-00-00'),
(4, 2233, 0, 'RS-300322', '', '8160', '', '', '', 'hee', '', 0, 1080, 0, 1080, '', 0, '0000-00-00'),
(5, 222, 0, 'RS-2237932', '', '8160', '', '', '', 'ddd', '', 0, 1080, 0, 1080, '', 2, '1970-01-01'),
(6, 222, 0, 'RS-4880322', '', '8160', '', '', '', 'ss', '', 0, 1080, 0, 1080, '', 22, '1970-01-01'),
(7, 222, 0, 'RS-33337', '', '', '', '', '', 'dee', '', 0, 0, 0, 0, '', 2, '2018-01-29');

-- --------------------------------------------------------

--
-- Table structure for table `sales_order`
--

CREATE TABLE `sales_order` (
  `transaction_id` int(11) NOT NULL,
  `invoice` varchar(100) NOT NULL,
  `para` varchar(255) NOT NULL,
  `product` varchar(100) NOT NULL,
  `qty` varchar(100) NOT NULL,
  `amount` varchar(100) NOT NULL,
  `profit` varchar(100) NOT NULL,
  `product_code` varchar(150) NOT NULL,
  `gen_name` varchar(200) NOT NULL,
  `name` varchar(200) NOT NULL,
  `price` varchar(100) NOT NULL,
  `cgst` int(255) NOT NULL,
  `cgsttotal` int(255) NOT NULL,
  `sgst` int(255) NOT NULL,
  `sgsttotal` int(255) NOT NULL,
  `discount` varchar(100) NOT NULL,
  `date` varchar(500) NOT NULL
) ENGINE=InnoDB DEFAULT CHARSET=latin1;

--
-- Dumping data for table `sales_order`
--

INSERT INTO `sales_order` (`transaction_id`, `invoice`, `para`, `product`, `qty`, `amount`, `profit`, `product_code`, `gen_name`, `name`, `price`, `cgst`, `cgsttotal`, `sgst`, `sgsttotal`, `discount`, `date`) VALUES
(315, 'RS-04399232', '', '58', '1', '233', '-111', 'dee', 'deee', ' ', '233', 0, 0, 0, 0, '', '01/07/18'),
(316, 'RS-0522002', '', '58', '5', '1165', '-555', 'dee', 'deee', ' ', '233', 0, 0, 0, 0, '', '01/07/18'),
(317, 'RS-0522002', '', '58', '1', '233', '-111', 'dee', 'deee', ' ', '233', 0, 0, 0, 0, '', '01/07/18'),
(318, 'RS-3930200', '', '58', '4', '932', '-444', 'dee', 'deee', ' ', '233', 0, 0, 0, 0, '', '01/07/18'),
(319, 'RS-3930200', '', '58', '1', '233', '-111', 'dee', 'deee', ' ', '233', 0, 0, 0, 0, '', '01/07/18'),
(320, 'RS-22323', '', '59', '1', '324', '-21', 'vijay', 'vijay', ' ', '324', 0, 0, 0, 0, '', '01/07/18'),
(321, 'RS-22323', '', '58', '4', '932', '-444', 'dee', 'deee', '  ', '233', 0, 0, 0, 0, '', '01/07/18'),
(322, 'RS-22323', '', '58', '4', '932', '-444', 'dee', 'deee', '  ', '233', 0, 0, 0, 0, '', '01/07/18'),
(323, 'RS-22323', '', '59', '1', '324', '-21', 'vijay', 'vijay', ' ', '324', 0, 0, 0, 0, '', '01/08/18'),
(324, 'RS-2233203', '', '59', '1', '324', '-21', 'vijay', 'vijay', ' ', '324', 0, 0, 0, 0, '', '01/08/18'),
(325, 'RS-2233203', '', '58', '1', '233', '-111', 'dee', 'deee', '  ', '233', 0, 0, 0, 0, '', '01/08/18'),
(326, 'RS-23342', '', 'dome1', '1', '100', '0', '', '', '', '', 0, 0, 0, 0, '0', ''),
(327, 'RS-32342353', '', 'Dome camera', '1', '9000', '0', '', '', '', '', 0, 0, 0, 0, '0', ''),
(328, 'RS-42002', '', 'redmi22', '2', '6880', '2000', '', '', '', '', 18, 0, 18, 0, '0', ''),
(329, 'RS-42002', '', 'redmi', '1', '2720', '1000', '', '', '', '', 18, 0, 18, 0, '0', ''),
(330, 'RS-42002', '', 'Polo T-Shirt', '1', '1200', '0', '', '', '', '', 0, 0, 0, 0, '0', ''),
(331, 'RS-42002', '', 'redmi', '2', '3440', '2000', '', '', '', '', 18, 0, 18, 0, '0', ''),
(332, 'RS-0203203', '', 'redmi', '2', '3440', '2000', '', '', '', '', 18, 0, 18, 0, '0', ''),
(333, 'RS-8243237', '', 'redmi', '1', '2720', '1000', '', '', '', '2000', 18, 0, 18, 0, '0', ''),
(334, 'RS-2032304', '', 'redmi', '1', '2720', '1000', '', '', '', '2000', 18, 0, 18, 0, '0', ''),
(335, 'RS-3222222', '', 'hello', '1', '4080', '1000', '', '', '', '3000', 18, 540, 18, 540, '0', ''),
(336, 'RS-3222222', '', 'hello', '2', '5160', '2000', '', '', '', '3000', 18, 1080, 18, 1080, '0', ''),
(337, 'RS-62333322', '', 'hello', '2', '4080', '2000', '', '', '', '3000', 18, 1080, 18, 1080, '0', ''),
(338, 'RS-2320323', '', 'hello', '2', '7080', '2000', '', '', '', '3000', 18, 1080, 18, 1080, '0', ''),
(339, 'RS-2320323', '', 'hello', '3', '10080', '3000', '', '', '', '3000', 18, 1620, 18, 1620, '0', ''),
(340, 'RS-33323323', '', 'hello', '2', '6000', '2000', '', '', '', '3000', 18, 1080, 18, 1080, '0', ''),
(341, 'RS-33323323', '', 'hello', '3', '9000', '3000', '', '', '', '3000', 18, 1620, 18, 1620, '0', ''),
(342, 'RS-62732', '', 'hello', '3', '12240', '3000', '', '', '', '3000', 18, 1620, 18, 1620, '0', ''),
(343, 'RS-22933222', '', 'hello', '1', '4080', '1000', '', '', '', '3000', 18, 540, 18, 540, '0', ''),
(344, 'RS-3009230', '0', 'hello', '2', '8160', '2000', '', '', '', '3000', 18, 1080, 18, 1080, '0', ''),
(345, 'RS-22030', '', 'hello', '3', '12240', '3000', '', '', '', '3000', 18, 1620, 18, 1620, '0', ''),
(346, 'RS-30032062', '', 'hello', '1', '4080', '1000', '', '', '', '3000', 18, 540, 18, 540, '0', ''),
(347, 'RS-30032062', '', 'hello', '3', '12240', '3000', '', '', '', '3000', 18, 1620, 18, 1620, '0', ''),
(348, 'RS-30032062', '', 'hello', '2', '8160', '2000', '', '', '', '3000', 18, 1080, 18, 1080, '0', ''),
(349, 'RS-30032062', '', 'hello', '3', '11640', '2800', '', '', '', '3000', 18, 1620, 18, 1620, '200', ''),
(350, 'RS-223222', '', 'hello', '3', '12240', '3000', '', '', '', '3000', 18, 1620, 18, 1620, '0', ''),
(351, 'RS-32323333', '', 'hello', '3', '12240', '3000', '', '', '', '3000', 18, 1620, 18, 1620, '0', ''),
(352, 'RS-3933043', '', 'hello', '3', '12240', '3000', '', '', '', '3000', 18, 1620, 18, 1620, '0', ''),
(353, 'RS-6337922', '', 'hello', '3', '12240', '3000', '', '', '', '3000', 18, 1620, 18, 1620, '0', ''),
(354, 'RS-6337922', '', 'hello', '3', '11640', '2800', '', '', '', '3000', 18, 1620, 18, 1620, '200', ''),
(355, 'RS-6337922', '', 'hello', '4', '16320', '4000', '', '', '', '3000', 18, 2160, 18, 2160, '0', ''),
(356, 'RS-33080', '', 'hello', '2', '8160', '2000', '', '', '', '3000', 18, 1080, 18, 1080, '0', ''),
(357, 'RS-33080', '', 'hello', '3', '12240', '3000', '', '', '', '3000', 18, 1620, 18, 1620, '0', ''),
(358, 'RS-33080', '', 'hello', '2', '8160', '2000', '', '', '', '3000', 18, 1080, 18, 1080, '0', ''),
(359, 'RS-323220', '', 'hello', '2', '8160', '2000', '', '', '', '3000', 18, 1080, 18, 1080, '0', ''),
(360, 'RS-30232303', '', 'hello', '2', '8160', '2000', '', '', '', '3000', 18, 1080, 18, 1080, '0', ''),
(361, 'RS-30232303', '', 'hello', '1', '4080', '1000', '', '', '', '3000', 18, 540, 18, 540, '0', ''),
(362, 'RS-30232303', '', 'hello', '2', '8160', '2000', '', '', '', '3000', 18, 1080, 18, 1080, '0', ''),
(363, 'RS-30232303', '', 'Half pant', '2', '2400', '0', '', '', '', '1200', 0, 0, 0, 0, '0', ''),
(364, 'RS-30232303', '', 'Half Pant', '2', '2400', '0', '', '', '', '1200', 0, 0, 0, 0, '0', ''),
(365, 'RS-30232303', '', 'hello', '2', '8160', '2000', '', '', '', '3000', 18, 1080, 18, 1080, '0', ''),
(366, 'RS-30232303', '', 'hello', '2', '8160', '2000', '', '', '', '3000', 18, 1080, 18, 1080, '0', ''),
(367, 'RS-30232303', '', 'hello', '2', '8160', '2000', '', '', '', '3000', 18, 1080, 18, 1080, '0', ''),
(368, 'RS-30232303', '', 'hello', '2', '8160', '2000', '', '', '', '3000', 18, 1080, 18, 1080, '0', ''),
(369, 'RS-30232303', '', 'hello', '2', '8160', '2000', '', '', '', '3000', 18, 1080, 18, 1080, '0', ''),
(370, 'RS-30232303', '', 'hello', '1', '4080', '1000', '', '', '', '3000', 18, 540, 18, 540, '0', ''),
(371, 'RS-30232303', '', 'hello', '2', '8160', '2000', '', '', '', '3000', 18, 1080, 18, 1080, '0', ''),
(372, 'RS-232306', '', 'hello', '2', '8160', '2000', '', '', '', '3000', 18, 1080, 18, 1080, '0', ''),
(380, 'RS-202334', '', 'hello', '1', '4080', '1000', '', '', '', '3000', 18, 540, 18, 540, '0', ''),
(381, 'RS-202334', '', 'hello', '2', '8160', '2000', '', '', '', '3000', 18, 1080, 18, 1080, '0', ''),
(382, 'RS-23390', '', 'hello', '1', '4080', '1000', '', '', '', '3000', 18, 540, 18, 540, '0', ''),
(383, 'RS-23390', '', 'hello', '1', '4080', '1000', '', '', '', '3000', 18, 540, 18, 540, '0', ''),
(384, 'RS-23390', '', 'hello', '2', '8160', '2000', '', '', '', '3000', 18, 1080, 18, 1080, '0', ''),
(390, 'RS-22023320', '', 'hello', '1', '4080', '1000', '', '', '', '3000', 18, 540, 18, 540, '0', ''),
(391, 'RS-2592033', '', 'hello', '2', '8160', '2000', '', '', '', '3000', 18, 1080, 18, 1080, '0', ''),
(408, 'RS-26232973', '', 'hello', '1', '4080', '1000', '', '', '', '3000', 18, 540, 18, 540, '0', ''),
(409, 'RS-332939', '', 'hello', '2', '8160', '2000', '', '', '', '3000', 18, 1080, 18, 1080, '0', ''),
(410, 'RS-26232973', '', 'hello', '2', '8160', '2000', '', '', '', '3000', 18, 1080, 18, 1080, '0', ''),
(411, 'RS-83002030', '', 'hello', '1', '4080', '1000', '', '', '', '3000', 18, 540, 18, 540, '0', ''),
(412, 'RS-0223222', '', 'hello', '1', '4080', '1000', '', '', '', '3000', 18, 540, 18, 540, '0', ''),
(413, 'RS-8320336', '', 'hello', '2', '8160', '2000', '', '', '', '3000', 18, 1080, 18, 1080, '0', ''),
(414, 'RS-007202', '', 'hello', '2', '8160', '2000', '', '', '', '3000', 18, 1080, 18, 1080, '0', ''),
(415, 'RS-6223333', '', 'hello', '2', '8160', '2000', '', '', '', '3000', 18, 1080, 18, 1080, '0', ''),
(416, 'RS-0540022', '', 'hello', '4', '16320', '4000', '', '', '', '3000', 18, 2160, 18, 2160, '0', ''),
(417, 'RS-7303', '', 'hello', '4', '16320', '4000', '', '', '', '3000', 18, 2160, 18, 2160, '0', ''),
(418, 'RS-2003', '', 'hello', '3', '12240', '3000', '', '', '', '3000', 18, 1620, 18, 1620, '0', ''),
(419, 'RS-220727', '', 'hello', '23', '93840', '23000', '', '', '', '3000', 18, 12420, 18, 12420, '0', ''),
(420, 'RS-33320029', '', 'hello', '3', '12240', '3000', '', '', '', '3000', 18, 1620, 18, 1620, '0', ''),
(421, 'RS-22900970', '', 'hello', '22', '89760', '22000', '', '', '', '3000', 18, 11880, 18, 11880, '0', ''),
(422, 'RS-90423433', '', 'hello', '2', '8160', '2000', '', '', '', '3000', 18, 1080, 18, 1080, '0', ''),
(423, 'RS-90423433', '', 'hello', '3', '12240', '3000', '', '', '', '3000', 18, 1620, 18, 1620, '0', ''),
(424, 'RS-03533', '', 'hello', '2', '8160', '2000', '', '', '', '3000', 18, 1080, 18, 1080, '0', ''),
(425, 'RS-670053', '', 'hello', '2', '8160', '2000', '', '', '', '3000', 18, 1080, 18, 1080, '0', ''),
(426, 'RS-333433', '', 'hello', '2', '8160', '2000', '', '', '', '3000', 18, 1080, 18, 1080, '0', ''),
(427, 'RS-333433', '', 'hello', '3', '12240', '3000', '', '', '', '3000', 18, 1620, 18, 1620, '0', ''),
(428, 'RS-42439023', '', 'hello', '3', '12240', '3000', '', '', '', '3000', 18, 1620, 18, 1620, '0', ''),
(429, 'RS-3238433', '', 'hello', '2', '8160', '2000', '', '', '', '3000', 18, 1080, 18, 1080, '0', ''),
(430, 'RS-32723', '', 'hello', '1', '4080', '1000', '', '', '', '3000', 18, 540, 18, 540, '0', ''),
(431, 'RS-23302032', '', 'hello', '2', '8160', '2000', '', '', '', '3000', 18, 1080, 18, 1080, '0', ''),
(432, 'RS-03023', '', 'hello', '2', '8160', '2000', '', '', '', '3000', 18, 1080, 18, 1080, '0', ''),
(433, 'RS-3232839', '', 'hello', '2', '8160', '2000', '', '', '', '3000', 18, 1080, 18, 1080, '0', ''),
(434, 'RS-33233303', '', 'hello', '1', '4080', '1000', '', '', '', '3000', 18, 540, 18, 540, '0', ''),
(435, 'RS-92332288', '', 'hello', '1', '4080', '1000', '', '', '', '3000', 18, 540, 18, 540, '0', ''),
(436, 'RS-3323760', '', 'hello', '1', '4080', '1000', '', '', '', '3000', 18, 540, 18, 540, '0', ''),
(437, 'RS-3323760', '', 'hello', '2', '8160', '2000', '', '', '', '3000', 18, 1080, 18, 1080, '0', ''),
(438, 'RS-332283', '', 'hello', '1', '4080', '1000', '', '', '', '3000', 18, 540, 18, 540, '0', ''),
(439, 'RS-320230', '', 'hello', '3', '12240', '3000', '', '', '', '3000', 18, 1620, 18, 1620, '0', ''),
(440, 'RS-3009033', '', 'hello', '2', '8160', '2000', '', '', '', '3000', 18, 1080, 18, 1080, '0', ''),
(441, 'RS-308233', '', 'hello', '23', '93840', '23000', '', '', '', '3000', 18, 12420, 18, 12420, '0', ''),
(442, 'RS-8022723', '', 'hello', '22', '89760', '22000', '', '', '', '3000', 18, 11880, 18, 11880, '0', ''),
(443, 'RS-2030000', '', 'hello', '2', '8160', '2000', '', '', '', '3000', 18, 1080, 18, 1080, '0', ''),
(445, 'RS-23032239', '', 'hello', '2', '8160', '2000', '', '', '', '3000', 18, 1080, 18, 1080, '0', ''),
(446, 'RS-6232637', '', 'hello', '2', '8160', '2000', '', '', '', '3000', 18, 1080, 18, 1080, '0', ''),
(447, 'RS-30230', '', 'hello', '2', '8160', '2000', '', '', '', '3000', 18, 1080, 18, 1080, '0', ''),
(455, 'RS-323343', '', 'hello', '1', '4540', '1000', '', '', '', '3000', 18, 540, 18, 540, '0', ''),
(456, 'RS-323343', '', 'hello', '2', '6450', '1000', '', '', '', '3000', 18, 450, 18, 450, '500', ''),
(457, 'RS-323343', '', 'hello', '3', '6360', '0', '', '', '', '3000', 18, 360, 18, 360, '1000', ''),
(471, 'RS-259203', '', 'hello', '2', '8000', '2000', '', '', '', '3000', 18, 1080, 18, 0, '0', ''),
(472, 'RS-259203', '', 'hello', '2', '8000', '2000', '', '', '', '3000', 18, 1080, 18, 0, '0', ''),
(481, 'RS-302028', '', 'hello', '2', '9080', '2000', '', '', '', '3000', 18, 1080, 18, 1080, '0', ''),
(482, 'RS-302028', '', 'hello', '2', '8160', '2000', '', '', '', '3000', 18, 1080, 18, 1080, '0', ''),
(486, 'RS-057399', '', 'hello', '5', '19720', '2500', '', '', '', '3000', 18, 2610, 18, 2610, '500', ''),
(487, 'RS-057399', '', 'hello', '3', '11696', '1800', '', '', '', '3000', 18, 1548, 18, 1548, '400', ''),
(488, 'RS-057399', '', 'hello', '2', '8160', '2000', '', '', '', '3000', 18, 1080, 18, 1080, '0', ''),
(489, 'RS-32032220', '', 'hello', '1', '4080', '1000', '', '', '', '3000', 18, 540, 18, 540, '0', ''),
(490, 'RS-403080', '', 'hello', '2', '8160', '2000', '', '', '', '3000', 18, 1080, 18, 1080, '0', ''),
(491, 'RS-403080', '', 'hello', '3', '12240', '3000', '', '', '', '3000', 18, 1620, 18, 1620, '0', ''),
(492, 'RS-4053062', '', 'hello', '3', '12240', '3000', '', '', '', '3000', 18, 1620, 18, 1620, '0', ''),
(493, 'RS-4053062', '', 'hello', '2', '8160', '2000', '', '', '', '3000', 18, 1080, 18, 1080, '0', ''),
(494, 'RS-4053062', '', 'hello', '2', '8160', '2000', '', '', '', '3000', 18, 1080, 18, 1080, '0', ''),
(495, 'RS-522322', '', 'hello', '1', '4080', '1000', '', '', '', '3000', 18, 540, 18, 540, '0', ''),
(496, 'RS-3033322', '', 'hello', '1', '4080', '1000', '', '', '', '3000', 18, 540, 18, 540, '0', ''),
(497, 'RS-269324', '', 'hello', '7', '28560', '7000', '', '', '', '3000', 18, 3780, 18, 3780, '0', ''),
(498, 'RS-22703', '', 'hello', '1', '4080', '1000', '', '', '', '3000', 18, 540, 18, 540, '0', ''),
(499, 'RS-9533895', '', 'hello', '1', '4080', '1000', '', '', '', '3000', 18, 540, 18, 540, '0', ''),
(500, 'RS-38027', '', 'hello', '2', '8160', '2000', '', '', '', '3000', 18, 1080, 18, 1080, '0', ''),
(501, 'RS-822260', '', 'hello', '1', '4080', '1000', '', '', '', '3000', 18, 540, 18, 540, '0', ''),
(502, 'RS-7334023', '', 'hello', '1', '4080', '1000', '', '', '', '3000', 18, 540, 18, 540, '0', ''),
(503, 'RS-2232320', '', 'hello', '1', '4080', '1000', '', '', '', '3000', 18, 540, 18, 540, '0', ''),
(504, 'RS-2232320', '', 'hello', '1', '4080', '1000', '', '', '', '3000', 18, 540, 18, 540, '0', ''),
(505, 'RS-333393', '', 'hello', '1', '4080', '1000', '', '', '', '3000', 18, 540, 18, 540, '0', ''),
(506, 'RS-333393', '', 'hello', '1', '4080', '1000', '', '', '', '3000', 18, 540, 18, 540, '0', ''),
(507, 'RS-333393', '', 'hello', '1', '4080', '1000', '', '', '', '3000', 18, 540, 18, 540, '0', ''),
(508, 'RS-352238', '', 'hello', '1', '4080', '1000', '', '', '', '3000', 18, 540, 18, 540, '0', ''),
(509, 'RS-02903379', '', 'hello', '2', '8160', '2000', '', '', '', '3000', 18, 1080, 18, 1080, '0', ''),
(510, 'RS-32340202', '', 'hello', '2', '8160', '2000', '', '', '', '3000', 18, 1080, 18, 1080, '0', ''),
(511, 'RS-37502203', '', 'hello', '2', '8160', '2000', '', '', '', '3000', 18, 1080, 18, 1080, '0', ''),
(512, 'RS-33003276', '', 'hello', '2', '8160', '2000', '', '', '', '3000', 18, 1080, 18, 1080, '0', ''),
(513, 'RS-20308', '', 'hello', '1', '4080', '1000', '', '', '', '3000', 18, 540, 18, 540, '0', ''),
(514, 'RS-20308', '', 'hello', '2', '8160', '2000', '', '', '', '3000', 18, 1080, 18, 1080, '0', ''),
(515, 'RS-928282', '', 'hello', '2', '8024', '1800', '', '', '', '3000', 18, 1062, 18, 1062, '100', ''),
(516, 'RS-928282', '', 'hello', '1', '4080', '1000', '', '', '', '3000', 18, 540, 18, 540, '0', ''),
(517, 'RS-2320', '', 'hello', '1', '4080', '1000', '', '', '', '3000', 18, 540, 18, 540, '0', ''),
(518, 'RS-0235203', '', 'hello', '2', '8160', '2000', '', '', '', '3000', 18, 1080, 18, 1080, '0', ''),
(519, 'RS-2802500', '', 'hello', '2', '8160', '2000', '', '', '', '3000', 18, 1080, 18, 1080, '0', ''),
(520, 'RS-25202', '', 'hello', '2', '8160', '2000', '', '', '', '3000', 18, 1080, 18, 1080, '0', ''),
(523, 'RS-362032', '', 'hello', '2', '8160', '2000', '', '', '', '3000', 18, 1080, 18, 1080, '0', ''),
(524, 'RS-3309303', '', 'hello', '2', '8160', '2000', '', '', '', '3000', 18, 1080, 18, 1080, '0', ''),
(525, 'RS-2694', '', 'hello', '2', '8160', '2000', '', '', '', '3000', 18, 1080, 18, 1080, '0', ''),
(526, 'RS-2503037', '', 'hello', '2', '8160', '2000', '', '', '', '3000', 18, 1080, 18, 1080, '0', ''),
(527, 'RS-834432', '', 'sdsd', '2', '705.96', '0', '', '', '', '333', 3, 20, 3, 20, '0', ''),
(528, 'RS-2323037', '', 'hello', '2', '8160', '2000', '', '', '', '3000', 18, 1080, 18, 1080, '0', ''),
(529, 'RS-23623', '', 'Half Pant', '2', '2400', '0', '', '', '', '1200', 0, 0, 0, 0, '0', ''),
(530, 'RS-4323073', '', 'hello', '2', '8160', '2000', '', '', '', '3000', 18, 1080, 18, 1080, '0', ''),
(531, 'RS-4323073', '', 'hello', '2', '8160', '2000', '', '', '', '3000', 18, 1080, 18, 1080, '0', ''),
(532, 'RS-02233324', '', 'Half Pant', '2', '2400', '0', '', '', '', '1200', 0, 0, 0, 0, '0', ''),
(533, 'RS-02233324', '', 'hello', '2', '8160', '2000', '', '', '', '3000', 18, 1080, 18, 1080, '0', ''),
(534, 'RS-2336223', '', 'hello', '2', '8160', '2000', '', '', '', '3000', 18, 1080, 18, 1080, '0', ''),
(535, 'RS-032233', '', 'hello', '2', '8160', '2000', '', '', '', '3000', 18, 1080, 18, 1080, '0', ''),
(536, 'RS-4326044', '', 'hello', '2', '8160', '2000', '', '', '', '3000', 18, 1080, 18, 1080, '0', ''),
(537, 'RS-22022236', '', 'hello', '3', '12240', '3000', '', '', '', '3000', 18, 1620, 18, 1620, '0', '');

-- --------------------------------------------------------

--
-- Table structure for table `sales_order2`
--

CREATE TABLE `sales_order2` (
  `transaction_id` int(11) NOT NULL,
  `invoice` varchar(100) NOT NULL,
  `para` varchar(255) NOT NULL,
  `product` varchar(100) NOT NULL,
  `qty` varchar(100) NOT NULL,
  `amount` varchar(100) NOT NULL,
  `profit` varchar(100) NOT NULL,
  `product_code` varchar(150) NOT NULL,
  `gen_name` varchar(200) NOT NULL,
  `name` varchar(200) NOT NULL,
  `price` varchar(100) NOT NULL,
  `cgst` int(255) NOT NULL,
  `cgsttotal` int(255) NOT NULL,
  `sgst` int(255) NOT NULL,
  `sgsttotal` int(255) NOT NULL,
  `discount` varchar(100) NOT NULL,
  `date` varchar(500) NOT NULL
) ENGINE=InnoDB DEFAULT CHARSET=latin1;

--
-- Dumping data for table `sales_order2`
--

INSERT INTO `sales_order2` (`transaction_id`, `invoice`, `para`, `product`, `qty`, `amount`, `profit`, `product_code`, `gen_name`, `name`, `price`, `cgst`, `cgsttotal`, `sgst`, `sgsttotal`, `discount`, `date`) VALUES
(0, 'RS-50303722', '', 'hello', '2', '8160', '2000', '', '', '', '3000', 18, 1080, 18, 1080, '0', ''),
(0, 'RS-50303722', '', 'hello', '2', '8160', '2000', '', '', '', '3000', 18, 1080, 18, 1080, '0', ''),
(0, 'RS-33240629', '', 'hello', '1', '4080', '1000', '', '', '', '3000', 18, 540, 18, 540, '0', ''),
(0, 'RS-33240629', '', 'hello', '2', '8160', '2000', '', '', '', '3000', 18, 1080, 18, 1080, '0', ''),
(0, 'RS-205420', '', 'hello', '2', '8160', '2000', '', '', '', '3000', 18, 1080, 18, 1080, '0', ''),
(0, 'RS-300322', '', 'hello', '2', '8160', '2000', '', '', '', '3000', 18, 1080, 18, 1080, '0', ''),
(0, 'RS-2237932', '', 'hello', '2', '8160', '2000', '', '', '', '3000', 18, 1080, 18, 1080, '0', ''),
(0, 'RS-4880322', '', 'hello', '2', '8160', '2000', '', '', '', '3000', 18, 1080, 18, 1080, '0', '');

-- --------------------------------------------------------

--
-- Table structure for table `supliers`
--

CREATE TABLE `supliers` (
  `suplier_id` int(11) NOT NULL,
  `suplier_name` varchar(100) NOT NULL,
  `suplier_address` varchar(100) NOT NULL,
  `suplier_contact` varchar(100) NOT NULL,
  `contact_person` varchar(100) NOT NULL,
  `note` varchar(500) NOT NULL
) ENGINE=InnoDB DEFAULT CHARSET=latin1;

-- --------------------------------------------------------

--
-- Table structure for table `user`
--

CREATE TABLE `user` (
  `id` int(11) NOT NULL,
  `username` varchar(100) NOT NULL,
  `password` varchar(100) NOT NULL,
  `name` varchar(100) NOT NULL,
  `position` varchar(100) NOT NULL
) ENGINE=InnoDB DEFAULT CHARSET=latin1;

--
-- Dumping data for table `user`
--

INSERT INTO `user` (`id`, `username`, `password`, `name`, `position`) VALUES
(1, 'admin', 'admin', 'Admin', 'admin'),
(2, 'cashier', 'cashier', 'Cashier Pharmacy', 'Cashier'),
(3, 'admin', 'admin123', 'Administrator', 'admin');

-- --------------------------------------------------------

--
-- Table structure for table `users`
--

CREATE TABLE `users` (
  `user_id` int(11) NOT NULL,
  `username` varchar(255) NOT NULL,
  `password` varchar(255) NOT NULL,
  `email` varchar(255) NOT NULL
) ENGINE=InnoDB DEFAULT CHARSET=latin1;

--
-- Dumping data for table `users`
--

INSERT INTO `users` (`user_id`, `username`, `password`, `email`) VALUES
(1, 'admin', '2171a8380ef2c424fbc80eb45cee7b91', '');

--
-- Indexes for dumped tables
--

--
-- Indexes for table `brands`
--
ALTER TABLE `brands`
  ADD PRIMARY KEY (`brand_id`);

--
-- Indexes for table `categories`
--
ALTER TABLE `categories`
  ADD PRIMARY KEY (`categories_id`);

--
-- Indexes for table `collection`
--
ALTER TABLE `collection`
  ADD PRIMARY KEY (`transaction_id`);

--
-- Indexes for table `customer`
--
ALTER TABLE `customer`
  ADD PRIMARY KEY (`customer_id`);

--
-- Indexes for table `orders`
--
ALTER TABLE `orders`
  ADD PRIMARY KEY (`order_id`);

--
-- Indexes for table `order_item`
--
ALTER TABLE `order_item`
  ADD PRIMARY KEY (`order_item_id`);

--
-- Indexes for table `product`
--
ALTER TABLE `product`
  ADD PRIMARY KEY (`product_id`);

--
-- Indexes for table `products`
--
ALTER TABLE `products`
  ADD PRIMARY KEY (`product_id`);

--
-- Indexes for table `purchases`
--
ALTER TABLE `purchases`
  ADD PRIMARY KEY (`transaction_id`);

--
-- Indexes for table `purchases_item`
--
ALTER TABLE `purchases_item`
  ADD PRIMARY KEY (`id`);

--
-- Indexes for table `quotation`
--
ALTER TABLE `quotation`
  ADD PRIMARY KEY (`order_id`);

--
-- Indexes for table `quotation_order_item`
--
ALTER TABLE `quotation_order_item`
  ADD PRIMARY KEY (`order_item_id`);

--
-- Indexes for table `sales`
--
ALTER TABLE `sales`
  ADD PRIMARY KEY (`transaction_id`);

--
-- Indexes for table `sales_bill`
--
ALTER TABLE `sales_bill`
  ADD PRIMARY KEY (`no`);

--
-- Indexes for table `sales_bill2`
--
ALTER TABLE `sales_bill2`
  ADD PRIMARY KEY (`no`);

--
-- Indexes for table `sales_order`
--
ALTER TABLE `sales_order`
  ADD PRIMARY KEY (`transaction_id`);

--
-- Indexes for table `supliers`
--
ALTER TABLE `supliers`
  ADD PRIMARY KEY (`suplier_id`);

--
-- Indexes for table `user`
--
ALTER TABLE `user`
  ADD PRIMARY KEY (`id`);

--
-- Indexes for table `users`
--
ALTER TABLE `users`
  ADD PRIMARY KEY (`user_id`);

--
-- AUTO_INCREMENT for dumped tables
--

--
-- AUTO_INCREMENT for table `brands`
--
ALTER TABLE `brands`
  MODIFY `brand_id` int(11) NOT NULL AUTO_INCREMENT, AUTO_INCREMENT=17;
--
-- AUTO_INCREMENT for table `categories`
--
ALTER TABLE `categories`
  MODIFY `categories_id` int(11) NOT NULL AUTO_INCREMENT, AUTO_INCREMENT=11;
--
-- AUTO_INCREMENT for table `collection`
--
ALTER TABLE `collection`
  MODIFY `transaction_id` int(11) NOT NULL AUTO_INCREMENT;
--
-- AUTO_INCREMENT for table `customer`
--
ALTER TABLE `customer`
  MODIFY `customer_id` int(11) NOT NULL AUTO_INCREMENT;
--
-- AUTO_INCREMENT for table `orders`
--
ALTER TABLE `orders`
  MODIFY `order_id` int(11) NOT NULL AUTO_INCREMENT, AUTO_INCREMENT=58;
--
-- AUTO_INCREMENT for table `order_item`
--
ALTER TABLE `order_item`
  MODIFY `order_item_id` int(11) NOT NULL AUTO_INCREMENT, AUTO_INCREMENT=174;
--
-- AUTO_INCREMENT for table `product`
--
ALTER TABLE `product`
  MODIFY `product_id` int(11) NOT NULL AUTO_INCREMENT, AUTO_INCREMENT=61;
--
-- AUTO_INCREMENT for table `products`
--
ALTER TABLE `products`
  MODIFY `product_id` int(11) NOT NULL AUTO_INCREMENT, AUTO_INCREMENT=60;
--
-- AUTO_INCREMENT for table `purchases`
--
ALTER TABLE `purchases`
  MODIFY `transaction_id` int(11) NOT NULL AUTO_INCREMENT;
--
-- AUTO_INCREMENT for table `purchases_item`
--
ALTER TABLE `purchases_item`
  MODIFY `id` int(11) NOT NULL AUTO_INCREMENT;
--
-- AUTO_INCREMENT for table `quotation`
--
ALTER TABLE `quotation`
  MODIFY `order_id` int(255) NOT NULL AUTO_INCREMENT, AUTO_INCREMENT=64;
--
-- AUTO_INCREMENT for table `quotation_order_item`
--
ALTER TABLE `quotation_order_item`
  MODIFY `order_item_id` int(255) NOT NULL AUTO_INCREMENT, AUTO_INCREMENT=214;
--
-- AUTO_INCREMENT for table `sales`
--
ALTER TABLE `sales`
  MODIFY `transaction_id` int(11) NOT NULL AUTO_INCREMENT, AUTO_INCREMENT=149;
--
-- AUTO_INCREMENT for table `sales_bill`
--
ALTER TABLE `sales_bill`
  MODIFY `no` int(244) NOT NULL AUTO_INCREMENT, AUTO_INCREMENT=67;
--
-- AUTO_INCREMENT for table `sales_bill2`
--
ALTER TABLE `sales_bill2`
  MODIFY `no` int(11) NOT NULL AUTO_INCREMENT, AUTO_INCREMENT=8;
--
-- AUTO_INCREMENT for table `sales_order`
--
ALTER TABLE `sales_order`
  MODIFY `transaction_id` int(11) NOT NULL AUTO_INCREMENT, AUTO_INCREMENT=538;
--
-- AUTO_INCREMENT for table `supliers`
--
ALTER TABLE `supliers`
  MODIFY `suplier_id` int(11) NOT NULL AUTO_INCREMENT;
--
-- AUTO_INCREMENT for table `user`
--
ALTER TABLE `user`
  MODIFY `id` int(11) NOT NULL AUTO_INCREMENT, AUTO_INCREMENT=4;
--
-- AUTO_INCREMENT for table `users`
--
ALTER TABLE `users`
  MODIFY `user_id` int(11) NOT NULL AUTO_INCREMENT, AUTO_INCREMENT=2;COMMIT;

/*!40101 SET CHARACTER_SET_CLIENT=@OLD_CHARACTER_SET_CLIENT */;
/*!40101 SET CHARACTER_SET_RESULTS=@OLD_CHARACTER_SET_RESULTS */;
/*!40101 SET COLLATION_CONNECTION=@OLD_COLLATION_CONNECTION */;
